"Fighter","Elo","PeakElo","Matches"
"Jon Jones",1297,1329,23
"Khabib Nurmagomedov",1275,1275,13
"Anderson Silva",1264,1264,24
"Demetrious Johnson",1261,1299,17
"Amanda Nunes",1256,1300,18
"Islam Makhachev",1245,1315,17
"Ilia Topuria",1245,1245,8
"Francis Ngannou",1240,1240,14
"Royce Gracie",1232,1232,9
"Kamaru Usman",1230,1230,18
"Khamzat Chimaev",1229,1229,8
"Dricus Du Plessis",1228,1228,9
"Don Frye",1224,1224,10
"Georges St-Pierre",1221,1246,22
"Tatiana Suarez",1220,1220,8
"Muhammad Mokaev",1217,1217,7
"Arnold Allen",1215,1215,13
"Alexander Volkanovski",1215,1215,16
"Tom Aspinall",1214,1214,9
"Jon Fitch",1214,1214,17
"Grant Dawson",1213,1213,12
"Rich Franklin",1211,1211,20
"Valentina Shevchenko",1208,1216,16
"Cain Velasquez",1208,1208,15
"Jack Della Maddalena",1206,1206,7
"Shavkat Rakhmonov",1202,1202,7
"Movsar Evloev",1200,1200,9
"Daniel Cormier",1200,1200,14
"Magomed Ankalaev",1199,1245,13
"Jailton Almeida",1199,1199,9
"Junior Dos Santos",1198,1198,23
"Vicente Luque",1197,1241,22
"Ronda Rousey",1195,1195,8
"Manon Fiorot",1194,1194,7
"Ciryl Gane",1192,1192,12
"Conor McGregor",1192,1192,14
"Alexandre Pantoja",1191,1210,16
"Arman Tsarukyan",1190,1207,11
"Chuck Liddell",1190,1223,23
"Song Yadong",1188,1188,14
"Ian Machado Garry",1188,1188,9
"Donald Cerrone",1185,1185,37
"Yoel Romero",1185,1185,13
"Joseph Benavidez",1184,1184,21
"Sean Brady",1183,1183,9
"Frank Shamrock",1183,1183,5
"Israel Adesanya",1181,1181,18
"Max Holloway",1181,1247,30
"Caio Borralho",1180,1180,7
"Dustin Poirier",1180,1189,30
"Alex Pereira",1179,1179,11
"Bryan Battle",1179,1179,8
"Lerone Murphy",1179,1179,7
"Paddy Pimblett",1179,1179,6
"Gregor Gillespie",1177,1177,8
"Erin Blanchfield",1176,1176,8
"Tatsuro Taira",1176,1176,7
"Natalia Silva",1174,1174,6
"Leonardo Santos",1173,1173,10
"Sean O'Malley",1172,1172,12
"Petr Yan",1171,1171,14
"Maycee Barber",1171,1171,11
"Matt Hughes",1171,1218,25
"Stipe Miocic",1170,1179,19
"Mairbek Taisumov",1170,1173,9
"Ricco Rodriguez",1169,1169,7
"Leon Edwards",1168,1211,18
"Cristiane Justino",1168,1168,7
"Dong Hyun Kim",1168,1168,17
"Deiveson Figueiredo",1167,1167,17
"Benson Henderson",1167,1167,14
"Phil Davis",1167,1167,12
"Pat Miletich",1166,1166,10
"Jim Miller",1163,1163,44
"Carlos Ulberg",1162,1205,9
"Zhang Weili",1162,1162,12
"Brandon Moreno",1161,1170,15
"Tony Ferguson",1161,1161,24
"Jean Silva",1159,1159,4
"Sean Strickland",1159,1159,23
"Giga Chikadze",1159,1159,10
"Germaine de Randamie",1159,1168,10
"Demian Maia",1159,1159,33
"Brendan Allen",1158,1166,16
"Umar Nurmagomedov",1156,1156,7
"Michael Morales",1156,1156,5
"Belal Muhammad",1156,1222,18
"Zabit Magomedsharipov",1156,1156,6
"Joel Alvarez",1155,1197,9
"Kyoji Horiguchi",1154,1154,8
"Nassourdine Imavov",1153,1188,10
"Rashad Evans",1153,1153,22
"Randy Couture",1153,1153,24
"Thiago Silva",1151,1151,10
"Elizeu Zaleski dos Santos",1150,1178,16
"Carlos Prates",1150,1150,4
"Rinat Fakhretdinov",1150,1150,5
"Roger Huerta",1149,1149,8
"Kenny Florian",1148,1187,17
"Mark Kerr",1148,1148,4
"Brian Ortega",1147,1147,12
"Montel Jackson",1147,1175,10
"Merab Dvalishvili",1146,1236,14
"Lyoto Machida",1146,1146,24
"Frankie Edgar",1145,1145,29
"Chad Mendes",1145,1152,14
"Elias Theodorou",1144,1144,11
"Vitor Belfort",1144,1144,25
"Gunnar Nelson",1143,1143,16
"Said Nurmagomedov",1143,1143,10
"Curtis Blaydes",1143,1171,18
"John Dodson",1143,1143,17
"George Sotiropoulos",1143,1143,11
"Evan Tanner",1142,1142,17
"Bryce Mitchell",1141,1141,10
"Marcus McGhee",1141,1141,4
"Robert Whittaker",1141,1183,23
"Glover Teixeira",1141,1147,23
"David Teymur",1141,1141,6
"Anthony Hernandez",1140,1220,10
"Geoff Neal",1140,1140,12
"Cory Sandhagen",1140,1140,14
"Zak Cummings",1140,1147,14
"Joanna Jedrzejczyk",1140,1140,15
"James Vick",1140,1140,14
"Michael Bisping",1140,1140,29
"John Hathaway",1139,1139,9
"Andre Petroski",1138,1138,10
"Nazim Sadykhov",1137,1137,3
"Colby Covington",1137,1137,17
"Fabricio Werdum",1137,1166,18
"Jens Pulver",1137,1137,8
"Jasmine Jasudavicius",1136,1148,9
"Sean Woodson",1136,1174,8
"Amir Albazi",1136,1136,6
"TJ Dillashaw",1136,1171,18
"Michel Prazeres",1136,1187,14
"Rory MacDonald",1136,1163,13
"Yushin Okami",1135,1135,21
"Chepe Mariscal",1134,1134,5
"Bo Nickal",1134,1134,4
"Nate Quarry",1134,1134,10
"Guy Mezger",1134,1134,5
"Diego Ferreira",1132,1140,16
"Gilbert Burns",1132,1132,23
"Azamat Murzakanov",1132,1132,4
"Diego Brandao",1132,1132,10
"Tagir Ulanbekov",1131,1131,6
"Alexander Volkov",1131,1131,17
"Julianna Pena",1131,1131,11
"Myles Jury",1131,1131,12
"Rashid Magomedov",1131,1131,6
"Francis Carmont",1131,1131,9
"Alexandr Romanov",1130,1130,10
"Martin Kampmann",1130,1130,17
"Miranda Maverick",1129,1136,11
"Derek Brunson",1129,1130,21
"Gegard Mousasi",1129,1174,12
"Chas Skelly",1128,1164,11
"Mirsad Bektic",1128,1128,10
"Rustam Khabilov",1128,1152,13
"Karo Parisyan",1128,1128,12
"Dominick Reyes",1127,1127,12
"John Lineker",1127,1200,16
"Sean Sherk",1127,1127,12
"Mark Coleman",1127,1127,12
"Roman Dolidze",1126,1140,12
"Yair Rodriguez",1126,1126,14
"Nate Diaz",1126,1126,27
"Patrick Smith",1126,1126,5
"Mario Bautista",1125,1180,11
"Bryan Caraway",1125,1125,10
"Mike Swick",1125,1125,15
"Aljamain Sterling",1124,1186,21
"Farid Basharat",1124,1124,4
"Brandon Royval",1124,1124,10
"Rani Yahya",1124,1135,19
"Matt Hamill",1124,1143,15
"Jiri Prochazka",1123,1123,7
"Diego Lopes",1123,1161,6
"Chris Gutierrez",1123,1162,12
"Ricardo Lamas",1123,1123,17
"Johny Hendricks",1123,1123,21
"Josh Koscheck",1123,1141,25
"Tim Sylvia",1123,1124,13
"Pedro Rizzo",1123,1123,14
"Kyler Phillips",1122,1122,8
"Waldo Cortes-Acosta",1121,1121,7
"Olivier Aubin-Mercier",1121,1159,12
"Erik Perez",1121,1121,9
"Karine Silva",1120,1120,5
"Joe Pyfer",1120,1120,5
"Shane Burgos",1120,1120,11
"Chris Wade",1120,1120,7
"Ryan Bader",1120,1132,20
"Michael McDonald",1120,1120,9
"Daniel Marcos",1119,1119,4
"Yan Xiaonan",1119,1119,12
"Beneil Dariush",1119,1184,22
"Jacare Souza",1119,1119,16
"Oleg Taktarov",1119,1144,8
"Raoni Barcelos",1118,1118,12
"Chase Hooper",1118,1138,10
"Charles Oliveira",1118,1254,33
"Claudio Silva",1118,1118,8
"Adrian Yanez",1117,1117,9
"Paulo Costa",1117,1117,10
"Andre Muniz",1117,1117,8
"Tom Breese",1117,1117,8
"Diego Sanchez",1117,1117,32
"Brett Johns",1117,1117,7
"Sergio Moraes",1117,1142,13
"TJ Grant",1117,1135,11
"Joshua Van",1116,1116,7
"Gregory Rodrigues",1116,1116,10
"Michel Pereira",1116,1187,12
"Tracy Cortez",1116,1116,6
"Andre Lima",1115,1115,4
"Mackenzie Dern",1115,1115,15
"Ignacio Bahamondes",1114,1160,8
"Mateusz Gamrot",1114,1162,10
"Thales Leites",1114,1137,21
"Sage Northcutt",1114,1114,8
"Nursulton Ruziboev",1113,1113,4
"Jose Aldo",1113,1113,22
"Damir Ismagulov",1113,1113,7
"Josh Barnett",1113,1130,10
"Matt Mitrione",1113,1113,14
"Krzysztof Soszynski",1113,1113,9
"Laverne Clark",1113,1113,5
"Ryan Hall",1112,1112,6
"Cheick Kongo",1112,1115,17
"Nathaniel Wood",1111,1111,12
"Youssef Zalal",1111,1133,10
"Khaos Williams",1111,1111,9
"Raquel Pennington",1111,1132,19
"Taylor Lapilus",1111,1111,8
"Macy Chiasson",1111,1111,11
"Shane Carwin",1111,1111,6
"Henry Cejudo",1110,1132,15
"Manuel Torres",1110,1110,4
"Loma Lookboonmee",1110,1117,8
"Dominick Cruz",1110,1110,10
"Dan Severn",1110,1130,13
"Ricky Simon",1109,1115,14
"Alexander Gustafsson",1109,1120,18
"Travis Browne",1109,1109,16
"Ryan LaFlare",1108,1108,10
"Jerry Bohlander",1108,1125,7
"Mauricio Ruffy",1107,1107,3
"Hyder Amil",1107,1107,3
"Sodiq Yusuff",1107,1107,9
"Nik Lentz",1107,1107,23
"Jared Rosholt",1107,1107,8
"Drakkar Klose",1106,1116,12
"Casey O'Neill",1106,1106,7
"Abel Trujillo",1106,1106,10
"Stephen Thompson",1105,1108,20
"BJ Penn",1105,1105,25
"Chris Padilla",1104,1104,3
"Joanderson Brito",1104,1145,7
"Raul Rosas Jr.",1104,1104,5
"Virna Jandiroba",1104,1136,10
"Jordan Johnson",1104,1104,4
"Marcus Davis",1104,1143,15
"Nate Maness",1103,1103,7
"Alejandro Perez",1103,1155,12
"Michael Graves",1103,1103,2
"Matt Lindland",1103,1103,12
"Rodolfo Vieira",1102,1102,8
"Jairzinho Rozenstruik",1102,1102,15
"Vinicius Oliveira",1102,1102,3
"Chad Laprise",1102,1102,10
"Rousimar Palhares",1102,1105,12
"Jacqueline Cavalcanti",1101,1101,4
"Sergei Pavlovich",1101,1162,10
"Francisco Trinaldo",1101,1145,26
"Quinton Jackson",1101,1101,13
"Chris Curtis",1100,1100,9
"Justin Willis",1100,1100,5
"Adriano Martins",1100,1100,7
"Gerald Harris",1100,1100,4
"Rob Font",1099,1099,19
"Payton Talbott",1099,1099,4
"Steve Garcia",1099,1193,8
"Marlon Vera",1099,1173,24
"Chris Leben",1099,1099,22
"Marco Ruas",1099,1099,6
"Li Jingliang",1098,1149,18
"Muhammad Naimov",1097,1097,5
"Pat Sabatini",1097,1097,8
"John Moraga",1097,1097,14
"Shara Magomedov",1096,1096,5
"Jack Shore",1096,1096,9
"Warlley Alves",1096,1096,16
"Kevin Lee",1096,1121,19
"Mike Russow",1096,1096,6
"Rose Namajunas",1095,1133,17
"JunYong Park",1095,1135,11
"Casey Kenney",1095,1095,8
"Mark Bocek",1095,1164,13
"Vladimir Matyushenko",1095,1105,12
"Daniel Rodriguez",1094,1094,12
"Julio Arce",1094,1094,10
"Murilo Bustamante",1094,1094,4
"Gillian Robertson",1093,1121,18
"Darren Elkins",1093,1105,29
"Chan Sung Jung",1093,1093,12
"Zhang Mingyang",1092,1092,2
"Jimmie Rivera",1092,1092,11
"Johnny Case",1092,1092,6
"David Onama",1091,1133,7
"Oban Elliott",1091,1091,3
"Kai Kara-France",1091,1091,12
"Martin Buday",1091,1091,6
"Gabriel Gonzaga",1091,1091,22
"Forrest Griffin",1091,1095,15
"Michael Chiesa",1090,1090,20
"Mike Malott",1090,1090,5
"Jalin Turner",1089,1139,13
"Gabriel Bonfim",1089,1089,5
"Jake Matthews",1089,1095,21
"Jamahal Hill",1089,1092,9
"Edson Barboza",1089,1089,30
"Josh Emmett",1089,1111,14
"Daniel Kelly",1089,1089,10
"Albert Tumenov",1089,1133,8
"Dean Lister",1089,1089,6
"Ken Shamrock",1089,1089,11
"Joel Sutton",1089,1089,2
"Reinier de Ridder",1088,1088,2
"Dooho Choi",1088,1088,8
"Mateusz Rebecki",1088,1088,5
"Zubaira Tukhugov",1088,1088,8
"Benoit Saint Denis",1087,1127,8
"Nate Marquardt",1087,1087,25
"Mike Pierce",1087,1110,14
"Mick Parkin",1086,1086,5
"Brunno Ferreira",1086,1086,6
"Karol Rosa",1086,1086,11
"Ludovit Klein",1086,1164,9
"Dan Hooker",1086,1117,22
"Luana Santos",1086,1086,4
"William Gomis",1085,1085,5
"Cub Swanson",1085,1119,25
"James Krause",1085,1160,13
"Jon Madsen",1085,1085,5
"Kevin Holland",1084,1121,24
"Mansur Abdul-Malik",1084,1084,2
"Ovince Saint Preux",1084,1084,28
"HyunSung Park",1084,1084,2
"Renan Barao",1084,1084,17
"Dustin Ortiz",1084,1103,14
"Roy Nelson",1084,1084,19
"Aaron Simpson",1084,1084,11
"Terrance McKinney",1083,1083,10
"Stefan Struve",1083,1110,24
"Alberto Mina",1083,1083,4
"Brian Ebersole",1083,1083,8
"Manel Kape",1082,1147,9
"Norma Dumont",1082,1150,10
"Thiago Alves",1082,1120,27
"Manny Bermudez",1082,1082,5
"Marvin Vettori",1081,1093,15
"Aiemann Zahabi",1081,1139,8
"Carla Esparza",1081,1143,16
"Alatengheili",1081,1081,7
"Chris Duncan",1080,1084,5
"Santiago Ponzinibbio",1080,1129,19
"Kyung Ho Kang",1080,1123,13
"Brandon Vera",1080,1080,15
"Tim Credeur",1080,1080,5
"Fares Ziam",1079,1135,9
"Paul Felder",1079,1108,15
"Joaquin Buckley",1078,1182,15
"Matheus Nicolau",1078,1078,11
"Alexa Grasso",1078,1144,12
"Thiago Santos",1078,1127,24
"Tyron Woodley",1078,1096,15
"Tyson Griffin",1078,1078,14
"Mike Davis",1077,1111,6
"Neil Magny",1077,1135,34
"Makhmud Muradov",1077,1077,6
"Magomed Mustafaev",1077,1077,5
"Urijah Faber",1077,1100,18
"Matthew Riddle",1077,1077,10
"Aleksandar Rakic",1076,1076,10
"Tyson Pedro",1076,1076,11
"Nordine Taleb",1076,1076,12
"Don Madge",1076,1076,2
"Gray Maynard",1076,1076,18
"Frank Mir",1076,1080,27
"Norman Parke",1076,1076,8
"Ruslan Magomedov",1076,1076,3
"Tito Ortiz",1076,1127,26
"Serghei Spivac",1075,1142,13
"Felipe Lima",1075,1075,2
"Charles Radtke",1075,1075,4
"Jeff Molina",1075,1075,3
"Askar Askarov",1075,1075,4
"Jake O'Brien",1075,1075,7
"Nasrat Haqparast",1074,1128,14
"Rick Story",1074,1107,19
"Edimilson Souza",1074,1074,4
"Chris Holdsworth",1074,1074,2
"Edmen Shahbazyan",1073,1073,12
"Kelvin Gastelum",1073,1073,22
"Thomas Almeida",1073,1073,10
"Joe Lauzon",1073,1073,27
"Bas Rutten",1073,1073,2
"Asu Almabayev",1072,1072,5
"Rinya Nakamura",1072,1072,4
"Kennedy Nzechukwu",1072,1116,13
"Tabatha Ricci",1072,1115,9
"Gerald Meerschaert",1072,1117,22
"Denise Gomes",1072,1105,6
"Brad Tavares",1072,1072,25
"Ketlen Vieira",1072,1072,12
"Alex Perez",1072,1072,12
"Jack Hermansson",1072,1116,17
"Erik Koch",1072,1072,10
"Ali Bagautinov",1072,1072,7
"Melvin Guillard",1072,1117,21
"Ramazan Temirov",1071,1071,2
"Mayra Bueno Silva",1071,1071,10
"Christian Rodriguez",1071,1111,7
"Kayla Harrison",1071,1071,2
"Ronaldo Rodriguez",1071,1071,2
"Jaqueline Amorim",1071,1109,4
"Tainara Lisboa",1071,1071,2
"Nick Diaz",1071,1071,14
"Omari Akhmedov",1071,1117,14
"Anthony Johnson",1071,1148,19
"Shawn Jordan",1071,1119,10
"Dan Hardy",1071,1071,10
"Drew Fickett",1071,1109,7
"Amanda Lemos",1070,1131,13
"Calvin Kattar",1070,1070,14
"Randy Brown",1070,1134,19
"Chris Weidman",1070,1070,20
"Raphael Assuncao",1070,1130,19
"Anthony Pettis",1070,1102,20
"Iuri Alcantara",1070,1070,17
"Kendall Grove",1070,1070,13
"Remco Pardoel",1070,1070,5
"Ailin Perez",1069,1138,6
"Vitor Petrino",1069,1069,6
"Cezar Ferreira",1069,1111,15
"Kurt Pellegrino",1069,1130,12
"David Loiseau",1069,1069,9
"Alex Hunter",1069,1069,2
"Ricardo Ramos",1068,1068,14
"Joe Solecki",1068,1068,9
"Jonathan Martinez",1068,1134,15
"Andrei Arlovski",1068,1144,41
"Felipe Arantes",1068,1091,11
"Brendan Schaub",1068,1103,11
"Steven Siler",1068,1068,9
"Terry Etim",1068,1113,11
"Mairon Santos",1067,1067,2
"Cesar Almeida",1067,1067,4
"Marina Rodriguez",1067,1067,12
"Oumar Sy",1067,1067,2
"Davi Ramos",1067,1111,7
"Chris Cariaso",1067,1084,13
"Alan Belcher",1067,1130,15
"Paul Sass",1067,1067,5
"Spencer Fisher",1067,1067,17
"Phillip Miller",1067,1067,2
"Christian Leroy Duncan",1066,1076,6
"Rafael Estevam",1066,1066,2
"Hermes Franca",1066,1078,11
"Gary Goodridge",1066,1066,8
"Amanda Ribas",1065,1065,12
"Billy Quarantillo",1065,1065,11
"Nicolas Dalby",1065,1104,11
"Derrick Lewis",1065,1114,29
"Charlie Campbell",1065,1065,2
"Jordan Leavitt",1065,1065,7
"Jorge Masvidal",1065,1065,22
"Aspen Ladd",1065,1065,7
"Alex Garcia",1065,1065,10
"Constantinos Philippou",1065,1109,10
"Irene Aldana",1064,1121,14
"Montana De La Rosa",1064,1064,11
"Vinc Pichel",1064,1094,11
"Antonio Carlos Junior",1064,1109,12
"Stevie Ray",1064,1064,11
"Wilson Reis",1064,1070,13
"Jeremy Kennedy",1064,1064,4
"Adlan Amagov",1064,1064,2
"Brock Lesnar",1064,1103,7
"Brock Larson",1064,1077,6
"Jason Lambert",1064,1064,8
"Rafael Fiziev",1063,1127,10
"Juan Espino",1063,1063,3
"Matt Wiman",1063,1103,18
"Alan Jouban",1063,1063,13
"Ben Nguyen",1063,1063,7
"Wilson Gouveia",1063,1106,10
"Bogdan Guskov",1062,1119,4
"Clayton Carpenter",1062,1062,3
"Scott Holtzman",1062,1062,13
"Nicolae Negumereanu",1062,1104,6
"Adam Wieczorek",1062,1062,3
"Shamil Gaziev",1061,1067,4
"Carlston Harris",1061,1061,7
"Melissa Gatto",1061,1061,5
"Cathal Pendred",1061,1061,6
"Joe Stevenson",1061,1070,16
"Renato Moicano",1060,1128,18
"Tanner Boser",1060,1060,10
"Corey Anderson",1060,1089,15
"Punahele Soriano",1059,1071,9
"Miles Johns",1059,1077,9
"Tecia Pennington",1059,1074,17
"Yanal Ashmouz",1059,1059,3
"Joe Duffy",1059,1059,8
"James Te Huna",1059,1059,10
"Viscardi Andrade",1059,1059,4
"Mark Munoz",1059,1110,15
"Paul Daley",1059,1059,3
"Sam Patterson",1058,1118,4
"Phil Hawes",1058,1058,8
"Al Iaquinta",1058,1106,15
"Ray Borg",1058,1079,12
"Seth Baczynski",1058,1080,11
"Sean Pierson",1058,1089,6
"Pablo Garza",1058,1058,6
"Scott Adams",1058,1058,1
"Lone'er Kavanagh",1057,1057,2
"SuYoung You",1057,1057,2
"Nurullo Aliev",1057,1057,2
"Loopy Godinez",1057,1116,12
"Elves Brener",1057,1057,5
"Brady Hiestand",1057,1099,4
"Katlyn Cerminara",1057,1070,17
"Jeremiah Wells",1057,1057,6
"Luke Rockhold",1057,1119,11
"Enrique Barzola",1057,1076,9
"Claude Patrick",1057,1057,4
"Din Thomas",1057,1113,9
"Nora Cornolle",1056,1056,3
"Cameron Saaiman",1056,1056,5
"Claudia Gadelha",1056,1066,12
"Anthony Rocco Martin",1056,1142,15
"Rony Jason",1056,1056,8
"Cole Miller",1056,1056,19
"Kyle Noke",1056,1056,12
"Renato Sobral",1056,1068,10
"Maurice Smith",1056,1056,7
"Ebenezer Fontes Braga",1056,1056,1
"Danny Silva",1055,1055,2
"Mark Madsen",1055,1055,6
"Luis Pena",1055,1055,8
"Magnus Cedenblad",1055,1106,6
"Da'Mon Blackshear",1054,1084,7
"Alonzo Menifield",1054,1107,14
"Isaac Dulgarian",1054,1054,3
"Chris Daukaus",1054,1054,8
"Dennis Bermudez",1054,1101,17
"Jason Saggo",1054,1054,6
"Lucas Martins",1054,1088,7
"Amir Sadollah",1054,1054,11
"Stephan Bonnar",1054,1074,15
"Brian Foster",1054,1091,5
"Joaquim Silva",1053,1053,11
"Daron Cruickshank",1053,1053,12
"Ildemar Alcantara",1053,1053,7
"Iasmin Lucindo",1052,1090,6
"Makwan Amirkhani",1052,1052,14
"Tim Kennedy",1052,1052,5
"Clint Hester",1052,1052,7
"Ramsey Nijem",1052,1077,10
"Carlos Newton",1052,1052,7
"Steve Jennum",1052,1052,3
"Dustin Jacoby",1051,1135,14
"Douglas Silva de Andrade",1051,1083,13
"Trey Waters",1051,1051,2
"Claudio Puelles",1051,1123,8
"Caio Magalhaes",1051,1092,7
"Thiago Tavares",1051,1099,17
"Lee Murray",1051,1051,1
"Johnny Rhodes",1051,1051,3
"Song Kenan",1050,1050,11
"Rafael Dos Anjos",1050,1140,36
"Khalil Rountree Jr.",1050,1143,15
"Ilir Latifi",1050,1067,16
"Felicia Spencer",1050,1050,6
"Paige VanZant",1050,1050,9
"Jussier Formiga",1050,1091,16
"Mikey Burnett",1050,1050,3
"Thiago Moises",1049,1089,14
"Mohammed Usman",1049,1049,5
"Lyman Good",1049,1049,6
"Sergio Pettis",1049,1110,14
"Liz Carmouche",1049,1084,10
"Luke Barnatt",1049,1049,6
"Mark Schultz",1049,1049,1
"Muslim Salikhov",1048,1115,12
"Marcio Cruz",1048,1048,4
"Genki Sudo",1048,1048,3
"Dan Ige",1047,1078,18
"Abus Magomedov",1047,1077,5
"Da Woon Jung",1047,1047,8
"Karl Williams",1047,1047,4
"Cynthia Calvillo",1047,1047,12
"Ben Rothwell",1047,1115,17
"Tom Duquesnoy",1047,1047,3
"Robert Peralta",1047,1047,7
"Paul Buentello",1047,1047,6
"Alex Morono",1046,1055,22
"Valter Walker",1046,1090,3
"Eddie Alvarez",1046,1068,7
"Kiichi Kunimoto",1046,1046,5
"Ronny Markes",1046,1046,5
"Kevin Burns",1046,1046,5
"Kevin Randleman",1046,1047,7
"Alexia Thainara",1045,1045,1
"Kevin Vallejos",1045,1045,1
"Mario Pinto",1045,1045,1
"Ibo Aslan",1045,1045,3
"Austin Vanderford",1045,1045,1
"Jose Delgado",1045,1045,1
"Tallison Teixeira",1045,1045,1
"Quillan Salkilld",1045,1045,1
"Bogdan Grad",1045,1045,1
"Azamat Bekoev",1045,1045,1
"Roman Kopylov",1045,1162,9
"Marco Tulio",1045,1045,1
"Jacobe Smith",1045,1045,1
"DongHun Choi",1045,1045,1
"Shi Ming",1045,1045,1
"Eduarda Moura",1045,1045,3
"Ryan Loder",1045,1045,1
"Steve Erceg",1045,1045,5
"Jonny Parsons",1045,1045,1
"Jimi Manuwa",1045,1045,12
"Khalid Murtazaliev",1045,1045,1
"Dmitry Sosnovskiy",1045,1045,1
"Marco Beltran",1045,1045,6
"Abdul-Kerim Edilov",1045,1045,1
"Che Mills",1045,1045,3
"Tom Murphy",1045,1045,1
"Jonathan Wiezorek",1045,1045,1
"Ikuhisa Minowa",1045,1045,1
"Marcelo Mello",1045,1045,1
"Sione Latu",1045,1045,1
"Tulio Palhares",1045,1045,1
"Cesar Marscucci",1045,1045,1
"Kazushi Sakuraba",1045,1045,1
"Justin Martin",1045,1045,1
"Steve Nelmark",1045,1045,3
"Mark Hall",1045,1064,7
"Rafael Carino",1045,1045,1
"Onassis Parungao",1045,1045,1
"Jon Hess",1045,1045,1
"Frank Hamaker",1045,1045,1
"Jean Matsumoto",1044,1044,3
"Mickey Gall",1044,1044,13
"Pedro Munhoz",1044,1073,20
"Myktybek Orolbai",1044,1044,3
"Jessica Andrade",1044,1098,28
"Hakeem Dawodu",1044,1112,10
"Ronnie Lawrence",1044,1044,3
"Carlos Condit",1044,1067,19
"Jeff Monson",1044,1073,7
"Ian Freeman",1044,1102,5
"John Castaneda",1043,1074,7
"Allan Nascimento",1043,1073,3
"Misha Cirkunov",1043,1043,13
"Aleksei Oleinik",1043,1043,17
"Ramazan Emeev",1043,1043,8
"Curtis Millender",1043,1043,5
"Eddie Sanchez",1043,1043,6
"Tom Nolan",1042,1095,4
"Vanessa Demopoulos",1042,1076,8
"Josh Thomson",1042,1042,7
"King Green",1041,1041,25
"Niko Price",1041,1041,16
"Cody Garbrandt",1041,1041,15
"Aisling Daly",1041,1041,3
"Marcus Brimage",1041,1041,8
"Mark Hominick",1041,1041,7
"Chidi Njokuani",1040,1095,8
"Luana Carolina",1040,1096,9
"Jose Quinonez",1040,1059,9
"Jake Ellenberger",1040,1061,21
"Danny Castillo",1040,1058,14
"John Howard",1040,1040,14
"Paul Kelly",1040,1065,9
"David Terrell",1040,1045,3
"Esteban Ribovics",1039,1078,5
"Holly Holm",1039,1044,15
"Bryan Barberena",1039,1043,19
"Morgan Charriere",1038,1038,4
"Jared Cannonier",1038,1118,19
"Daniel Santos",1038,1073,3
"Michael Trizano",1038,1039,7
"Siyar Bahadurzada",1038,1072,8
"Steve Bosse",1038,1068,3
"Nick Ring",1038,1038,6
"Wesley Correira",1038,1066,4
"Enson Inoue",1038,1038,1
"Charles Johnson",1037,1106,11
"Uros Medic",1037,1038,7
"Jhonata Diniz",1037,1037,3
"Trevin Giles",1037,1057,14
"Ikram Aliskerov",1037,1037,3
"Jafel Filho",1037,1079,3
"Matt Brown",1037,1107,30
"Nikita Krylov",1037,1106,18
"Desmond Green",1037,1074,7
"Ross Pearson",1037,1037,25
"Wang Guan",1037,1037,1
"Josh Samman",1037,1037,5
"Hugo Viana",1037,1037,6
"Ricardo Almeida",1037,1073,11
"Scott Ferrozzo",1037,1085,5
"Jesus Aguilar",1036,1080,5
"Rodolfo Bellato",1036,1036,1
"Marc Diakiese",1036,1036,15
"Taila Santos",1036,1083,7
"Bea Malecki",1036,1036,3
"Guangyou Ning",1036,1036,4
"Soa Palelei",1036,1102,7
"Dan Miller",1036,1036,13
"Rob Emerson",1036,1036,6
"Joe Charles",1036,1036,4
"Kaue Fernandes",1035,1071,3
"Ryan Spann",1035,1035,14
"JJ Aldrich",1035,1092,16
"Fernando Padilla",1035,1035,4
"Jonathan Pearce",1035,1092,9
"Philipe Lins",1035,1119,6
"Alan Patrick",1035,1035,9
"Aliaskhab Khizriev",1035,1035,1
"Evan Dunham",1035,1035,20
"Marco Polo Reyes",1035,1035,8
"Jon Tuck",1035,1038,9
"Timothy Johnson",1035,1035,7
"Fredy Serrano",1035,1035,4
"Antoni Hardonk",1035,1055,8
"Rich Clementi",1035,1133,10
"Ivan Salaverry",1035,1035,7
"Sam Hoger",1035,1035,5
"Shonie Carter",1035,1035,6
"Bob Cook",1035,1035,1
"Jack Jenkins",1034,1034,5
"Abdul Razak Alhassan",1034,1036,13
"Tai Tuivasa",1034,1075,16
"ChangHo Lee",1034,1034,1
"Marcos Rogerio de Lima",1034,1089,18
"Mizuki",1034,1034,3
"Sergey Khandozhko",1034,1041,3
"Paddy Holohan",1034,1034,5
"Yves Edwards",1034,1095,20
"Yazmin Jauregui",1033,1033,5
"Augusto Sakai",1033,1033,9
"Alexis Davis",1033,1033,14
"Mirko Filipovic",1033,1055,11
"Sanae Kikuta",1033,1033,1
"Paul Jones",1033,1033,2
"Josefine Knutsson",1032,1032,3
"Maryna Moroz",1032,1042,12
"David Dvorak",1032,1032,6
"Alex Oliveira",1032,1062,21
"Nicholas Musoke",1032,1032,6
"Roland Delorme",1032,1032,6
"Mike Kyle",1032,1047,3
"Kevin Jackson",1032,1032,4
"Shauna Bannon",1031,1069,3
"Darren Till",1031,1031,11
"Cat Zingano",1031,1031,7
"Vitor Miranda",1031,1052,7
"Joe Proctor",1031,1031,8
"Elias Silverio",1031,1031,5
"Jutaro Nakao",1031,1031,2
"Jan Blachowicz",1030,1121,20
"Elijah Smith",1030,1030,1
"Aleksandre Topuria",1030,1030,1
"Jonathan Micallef",1030,1030,1
"Hamdy Abdelwahab",1030,1030,1
"Bruno Lopes",1030,1030,1
"Navajo Stirling",1030,1030,1
"Victor Henry",1030,1035,5
"Cameron Smotherman",1030,1030,1
"Cody Haddon",1030,1030,1
"Daniel Zellhuber",1030,1065,5
"MarQuel Mederos",1030,1030,1
"Jimmy Crute",1030,1030,8
"Marlon Moraes",1030,1071,11
"Viviane Pereira",1030,1030,4
"Leslie Smith",1030,1094,7
"Takeya Mizugaki",1030,1059,14
"Javier Vazquez",1030,1030,1
"Maiquel Falcao",1030,1030,1
"Logan Clark",1030,1030,1
"Trevor Prangley",1030,1030,4
"Mark Hughes",1030,1030,1
"Ben Earwood",1030,1030,1
"Tyrone Roberts",1030,1030,1
"Yoshiki Takahashi",1030,1030,1
"Paul Varelans",1030,1030,8
"Julia Avila",1029,1029,6
"Themba Gorimbo",1029,1090,6
"Viviane Araujo",1029,1030,12
"Cody Stamann",1029,1029,14
"Phil Rowe",1029,1065,6
"Gavin Tucker",1029,1039,7
"Felice Herrig",1029,1029,10
"Devonte Smith",1029,1029,6
"Hyun Gyu Lim",1029,1029,7
"Tom Lawlor",1029,1053,11
"Jimy Hettes",1029,1029,6
"Jake Shields",1029,1063,7
"Lavar Johnson",1029,1029,4
"Danny Barlow",1028,1028,3
"Wang Cong",1028,1030,3
"Piera Rodriguez",1028,1030,5
"Johnny Walker",1028,1048,13
"Uriah Hall",1028,1090,19
"Marion Reneau",1028,1028,12
"Kajan Johnson",1028,1091,7
"Anying Wang",1028,1028,2
"Ron Waterman",1028,1030,3
"Andre Roberts",1028,1049,3
"Steven Graham",1028,1028,2
"Nikolas Motta",1027,1083,5
"Damon Jackson",1027,1058,12
"Ismail Naurdiev",1027,1036,5
"Roosevelt Roberts",1027,1027,9
"Jared Gordon",1027,1069,14
"Maurice Greene",1027,1027,8
"Rich Attonito",1027,1027,5
"Nick Osipczak",1027,1027,5
"Brad Blackburn",1027,1027,5
"Kenichi Yamamoto",1027,1027,3
"Jordan Mein",1026,1062,9
"Brian Stann",1026,1078,11
"Tomasz Drwal",1026,1069,6
"Michael Page",1025,1030,3
"Ariane Carnelossi",1025,1061,5
"Timur Valiev",1025,1025,3
"Dennis Siver",1025,1129,20
"Valerie Letourneau",1025,1025,6
"Jason MacDonald",1025,1025,14
"Keith Jardine",1025,1025,13
"Shane Nelson",1025,1025,4
"Dan Christison",1025,1025,2
"Lance Gibson",1025,1025,2
"Volkan Oezdemir",1024,1078,15
"Jacob Malkoun",1024,1078,7
"Saidyokub Kakhramonov",1024,1024,3
"Frankie Saenz",1024,1039,10
"Jason Knight",1024,1064,9
"Ivan Menjivar",1024,1055,9
"Jacob Volkmann",1024,1107,10
"Tony DeSouza",1024,1024,6
"Gan McGee",1024,1069,4
"Arjan Bhullar",1023,1048,4
"Dan Henderson",1023,1023,18
"Cyrille Diabate",1023,1025,8
"Darren Uyenoyama",1023,1023,4
"Justin Gaethje",1022,1082,14
"Melissa Mullins",1022,1045,3
"Rodrigo Nascimento",1022,1024,7
"Chelsea Chandler",1022,1022,4
"Lauren Murphy",1022,1098,14
"Luis Saldana",1022,1030,3
"Mark Hunt",1022,1087,16
"Gokhan Saki",1022,1022,2
"Gleison Tibau",1022,1128,28
"Tatsuya Kawajiri",1022,1022,6
"Kyle Kingsbury",1022,1044,9
"Matt Serra",1022,1098,14
"Luigi Fioravanti",1022,1046,9
"Roberto Traven",1022,1022,2
"Nate Landwehr",1021,1114,9
"Paul Craig",1021,1104,18
"Brad Katona",1021,1021,8
"JeongYeong Lee",1021,1021,3
"Miguel Baeza",1021,1021,7
"Miesha Tate",1021,1125,13
"Livinha Souza",1021,1021,6
"Carlos Felipe",1021,1046,5
"Roan Carneiro",1021,1025,9
"Ricardo Abreu",1021,1021,2
"Troy Mandaloniz",1021,1021,2
"Tedd Williams",1021,1021,2
"Josiane Nunes",1020,1020,6
"Tim Means",1020,1042,29
"Brad Riddell",1020,1020,7
"Chance Rencountre",1020,1032,4
"Todd Duffee",1020,1031,5
"Jess Liaudin",1020,1020,5
"Sam Adkins",1020,1020,4
"Nathan Fletcher",1019,1019,2
"Gabriella Fernandes",1019,1079,4
"Billy Ray Goff",1019,1019,2
"Robbie Lawler",1019,1044,25
"Krzysztof Jotko",1019,1078,17
"Diego Rivas",1019,1019,4
"Zhang Lipeng",1019,1019,4
"TJ Waldburger",1019,1025,8
"Rory Singer",1019,1019,4
"Javid Basharat",1018,1018,5
"Batgerel Danaa",1018,1048,7
"Ed Herman",1018,1080,25
"Chris Clements",1018,1018,4
"Dave Beneteau",1018,1030,6
"Keith Hackney",1018,1018,4
"Fatima Kline",1017,1045,2
"Aleksei Kunchenko",1017,1017,4
"Brad Scott",1017,1032,8
"Antonio Rodrigo Nogueira",1017,1017,11
"Akira Corassani",1017,1017,6
"Brian Melancon",1017,1017,2
"Viktoriia Dudakova",1016,1016,4
"Gaston Bolanos",1016,1030,3
"Maxim Grishin",1016,1031,5
"Hacran Dias",1016,1016,8
"Jorge Rivera",1016,1104,15
"Carli Judice",1015,1045,2
"Gabe Green",1015,1034,5
"Greg Hardy",1015,1051,9
"Danilo Marques",1015,1015,4
"Mitch Gagnon",1015,1062,8
"Justin Scoggins",1015,1015,9
"Reza Madadi",1015,1015,7
"Dongi Yang",1015,1040,5
"Antonio Carvalho",1015,1043,4
"James Wilks",1015,1015,4
"Yoshiyuki Yoshida",1015,1015,5
"Junie Browning",1015,1015,2
"Roman Mitichyan",1015,1015,2
"David Abbott",1015,1015,18
"Dan Bobish",1015,1015,2
"Andre Fili",1014,1024,23
"Irina Alekseeva",1014,1014,2
"Drew McFedries",1014,1014,9
"Andrei Semenov",1014,1014,2
"Melsik Baghdasaryan",1013,1013,5
"Anthony Smith",1013,1093,24
"Andrew Sanchez",1013,1013,10
"Megan Anderson",1013,1054,6
"Juliana Lima",1013,1027,7
"Nah-Shon Burrell",1013,1013,2
"Dustin Hazelett",1013,1076,10
"Justin McCully",1013,1013,4
"Falaniko Vitale",1013,1013,2
"Priscila Cachoeira",1012,1087,11
"Kevin Jousset",1012,1012,4
"Cory McKenna",1012,1020,6
"Shayilan Nuerdanbieke",1012,1046,6
"Valmir Lazaro",1012,1028,3
"Mike Easton",1012,1012,7
"Robert McDaniel",1012,1012,3
"Miguel Torres",1012,1012,4
"Scott Morris",1012,1012,2
"Carlos Leal",1011,1045,2
"Bruno Silva",1011,1072,17
"Eryk Anders",1011,1071,17
"Xiao Long",1011,1045,2
"Joselyne Edwards",1011,1063,9
"Loik Radzhabov",1011,1016,4
"Sara McMann",1011,1033,13
"Sijara Eubanks",1011,1011,10
"Nick Hein",1011,1011,8
"Daniel Omielanczuk",1011,1024,9
"Royston Wee",1011,1011,3
"Diego Nunes",1011,1013,6
"Junior Assuncao",1011,1035,5
"Eliot Marshall",1011,1011,6
"Dave Strasser",1011,1011,2
"Melquizael Costa",1010,1084,5
"Stephanie Egger",1010,1037,7
"Alistair Overeem",1010,1125,20
"Justin Ledet",1010,1010,7
"Ian McCall",1010,1030,5
"Kalib Starnes",1010,1010,5
"Tsuyoshi Kohsaka",1010,1010,6
"John Lewis",1010,1010,2
"Carlos Vera",1009,1045,2
"Azat Maksum",1009,1009,2
"Ian Heinisch",1009,1009,7
"Jesse Taylor",1009,1046,2
"Michinori Tanaka",1009,1009,5
"Piotr Hallmann",1009,1009,6
"Ben Alloway",1009,1009,3
"Jonathan Brookins",1009,1009,5
"Jesse Lennox",1009,1009,3
"Semmy Schilt",1009,1009,2
"Magomed Gadzhiyasulov",1008,1008,2
"Matthew Semelsberger",1008,1008,11
"Jake Hadley",1008,1038,7
"Dione Barbosa",1008,1008,2
"Nick Maximov",1008,1008,4
"Rogerio Bontorin",1008,1008,5
"Danny Henry",1008,1008,4
"Aleksandra Albu",1008,1008,4
"Zak Ottow",1008,1015,8
"Jose Torres",1008,1008,2
"Brian Bowles",1008,1008,4
"Kevin Ferguson",1008,1008,2
"Pete Spratt",1008,1008,7
"Nick Sanzo",1008,1008,2
"Trey Ogden",1007,1043,6
"Ramiz Brahimaj",1007,1055,6
"Trevor Peek",1007,1007,5
"Jarjis Danho",1007,1045,2
"Mike Pyle",1007,1074,19
"Ryan Janes",1007,1046,4
"Yuki Kondo",1007,1007,3
"Cody Durden",1006,1068,11
"Mana Martinez",1006,1006,4
"Nina Nunes",1006,1083,9
"Yancy Medeiros",1006,1073,14
"Jonathan Meunier",1006,1030,2
"Joe Ellenberger",1006,1006,2
"Issei Tamura",1006,1006,3
"Waylon Lowe",1006,1034,4
"Joe Slick",1006,1006,2
"Dwayne Cason",1006,1006,2
"Molly McCann",1005,1037,14
"Rei Tsuruya",1005,1005,2
"Jamey-Lyn Horth",1005,1005,4
"Ramon Taveras",1005,1005,2
"Andre Ewell",1005,1005,9
"Pingyuan Liu",1005,1005,4
"Nicco Montano",1005,1005,2
"Rodrigo Damm",1005,1005,7
"Mackens Semerzier",1005,1005,2
"Rob Kimmons",1005,1005,7
"Viacheslav Borshchev",1004,1011,7
"Michal Oleksiejczuk",1004,1071,14
"Bill Algeo",1004,1046,10
"Alessandro Costa",1004,1055,4
"Louis Smolka",1004,1024,17
"Zach Makovsky",1004,1004,7
"Patrick Walsh",1004,1004,2
"Johnny Bedford",1004,1004,5
"Lance Benoist",1004,1030,4
"Mike Ciesnolevicz",1004,1004,2
"Orlando Wiet",1004,1004,2
"Stephanie Luciano",1003,1003,2
"Ismael Bonfim",1003,1003,4
"Tresean Gore",1003,1087,4
"Victor Hugo",1003,1003,2
"Brian Kelleher",1003,1020,17
"John Makdessi",1003,1054,20
"Danny Roberts",1003,1008,14
"Albert Duraev",1003,1003,4
"Brianna Fortino",1003,1003,2
"Joseph Morales",1003,1003,3
"Glaico Franca Moreira",1003,1003,3
"Leandro Silva",1003,1054,7
"Vaughan Lee",1003,1020,8
"Andrew Craig",1003,1003,7
"Luke Cummo",1003,1035,7
"Scott Bessac",1003,1003,2
"Cody Brundage",1002,1078,10
"Jennifer Maia",1002,1035,12
"Shinsho Anzai",1002,1049,4
"Lorenz Larkin",1002,1124,10
"Anthony Njokuani",1002,1020,8
"Duane Ludwig",1002,1002,9
"Dennis Hallman",1002,1061,9
"Dan Cramer",1002,1002,2
"Akihiro Gono",1002,1002,3
"War Machine",1002,1002,2
"Marcin Tybura",1001,1149,22
"Ketlen Souza",1001,1047,4
"Jamal Pogues",1001,1002,4
"Gabriel Benitez",1001,1001,15
"Tereza Bleda",1001,1037,2
"Tony Gravely",1001,1047,8
"Francimar Barroso",1001,1005,8
"Bojan Velickovic",1001,1002,5
"Augusto Montano",1001,1001,3
"Dustin Kimura",1001,1001,5
"Carlos Eduardo Rocha",1001,1001,3
"Rob Broughton",1001,1001,3
"David Heath",1001,1001,5
"Mike Nickels",1001,1001,2
"Maheshate",1000,1003,5
"Ange Loosa",1000,1036,4
"Sam Alvey",1000,1038,23
"Rogerio Nogueira",1000,1000,13
"Jesus Pinedo",1000,1000,2
"Teruto Ishihara",1000,1000,8
"Danielle Taylor",1000,1034,5
"Naoki Inoue",1000,1000,2
"Galore Bofando",1000,1000,2
"Erick Silva",1000,1022,15
"Sirwan Kakai",1000,1000,2
"Tony Fryklund",1000,1002,4
"Pete Williams",1000,1000,8
"Katsuhisa Fujii",1000,1000,2
"Gabriel Santos",999,1071,4
"Charles Jourdain",999,1057,14
"Josh Culibao",999,1035,7
"Cheyanne Vlismas",999,1041,4
"Nick Denis",999,1000,2
"Kyle Watson",999,1000,2
"Nate Loughran",999,1000,2
"Mike van Arsdale",999,1000,4
"Tai Bowden",999,1051,2
"Felipe Bunes",998,1045,2
"Impa Kasanganay",998,1000,4
"Mike Wilkinson",998,1022,4
"Hatsu Hioki",998,1000,8
"Paul Taylor",998,1045,9
"James McSweeney",998,1000,3
"Marcus Aurelio",998,1022,6
"Jason Day",998,1000,3
"Talita Alencar",997,1000,2
"Bethe Correia",997,1000,11
"Luke Jumeau",997,1000,4
"Jarred Brooks",997,1030,4
"Hector Urbina",997,1000,3
"KJ Noons",997,1011,5
"Igor Araujo",997,1000,4
"Dylan Andrews",997,1000,5
"Buddy Roberts",997,1000,2
"Christian Wellisch",997,1024,5
"Amaury Bitetti",997,1030,2
"Edgar Chairez",996,1023,3
"Tristan Connelly",996,1000,3
"Patrick Cummins",996,1014,13
"Luis Henrique",996,1009,6
"Neil Seery",996,1040,7
"Levan Makashvili",996,1000,2
"Sai Wang",996,1030,2
"Clifford Starks",996,1000,3
"Per Eklund",996,1019,3
"Benji Radach",996,1000,2
"Modestas Bukauskas",995,1084,9
"Ernesta Kareckaite",995,1030,2
"Luana Pinheiro",995,1000,6
"Serhiy Sidey",995,1030,2
"Melissa Martinez",995,1030,2
"Robelis Despaigne",995,1000,3
"Julia Polastri",995,1030,2
"Court McGee",995,1045,23
"Antonio Braga Neto",995,1000,3
"Scott Askham",995,1028,6
"Chris Kelades",995,1003,4
"Ken Stone",995,1035,4
"Jason Brilz",995,1000,7
"Jeremy Horn",995,1087,13
"Caolan Loughran",994,1030,4
"Sedriques Dumas",994,1049,5
"Christos Giagos",994,1028,14
"Mason Jones",994,1022,3
"Poliana Botelho",994,1000,7
"Cung Le",994,1044,4
"Matt Arroyo",994,1000,3
"Chris Brennan",994,1000,3
"Jack Nilson",994,1045,2
"Geza Kalman",994,1045,2
"Daria Zhelezniakova",993,1000,2
"Darko Stosic",993,1000,4
"Yuta Sasaki",993,1035,9
"Damian Stasiak",993,1030,6
"Pawel Pawlak",993,1025,3
"Nick Catone",993,1028,8
"Eddie Yagin",993,1027,2
"Ian Loveland",993,1000,3
"Joe Moreira",993,1030,2
"Bolaji Oki",992,1000,2
"Jimmy Flick",992,1019,5
"Montserrat Rendon",992,1000,2
"Sergey Morozov",992,1055,5
"Karl Roberson",992,1000,10
"Bartosz Fabinski",992,1000,6
"James Moontasri",992,1027,6
"Joey Beltran",992,1000,9
"Heath Herring",992,1027,5
"Ricky Turcios",991,1000,5
"Ivana Petrovic",991,1016,3
"Evan Elder",991,1071,4
"Spike Carlyle",991,1000,3
"Tiago dos Santos e Silva",991,1017,4
"Heather Clark",991,1000,3
"Anthony Macias",991,1015,3
"Todd Medina",991,1000,2
"Brendson Ribeiro",990,1071,4
"Johnny Eduardo",990,1004,8
"Alex White",990,1020,10
"John Gunther",990,1000,2
"Hector Sandoval",990,1047,4
"Chris Camozzi",990,1016,19
"Tae Hyun Bang",990,1008,5
"Chris Beal",990,1000,5
"Yan Cabral",990,1000,5
"Philip De Fries",990,1000,5
"Daniel Roberts",990,1028,7
"Andre Winner",990,1009,6
"Frank Trigg",990,1011,7
"Puja Tomar",989,1000,2
"Alexander Hernandez",989,1057,15
"Francis Marshall",989,1003,5
"Benardo Sopaj",989,1030,2
"Rafa Garcia",989,1054,8
"Antonina Shevchenko",989,1030,8
"Shamil Gamzatov",989,1000,2
"Mike Perry",989,1000,15
"Gustavo Lopez",989,1005,3
"Nad Narimani",989,1000,4
"Oskar Piechota",989,1000,5
"Sheldon Westcott",989,1045,3
"Fabio Maldonado",989,1065,11
"Noe Hernandez",989,1000,1
"Polyana Viana",988,1036,10
"Geraldo de Freitas",988,1000,3
"Will Chope",988,1000,1
"Shamar Bailey",988,1000,3
"Eugene Jackson",988,1003,7
"Pannie Kianzad",987,1045,11
"Joanne Wood",987,1066,17
"Juliana Miller",987,1000,3
"Efrain Escudero",987,1044,12
"Yaotzin Meza",987,1022,6
"David Michaud",987,1002,3
"Bruno Santos",987,1007,3
"Jason High",987,1048,5
"John Maguire",987,1000,5
"Luiz Cane",987,1025,9
"Keith Rockel",987,1045,2
"Mauricio Rua",986,1047,23
"Russell Doane",986,1009,8
"Henrique da Silva",986,1000,6
"Augusto Mendes",986,1021,3
"Sean McCorkle",986,1000,3
"Matt Frevola",985,1050,10
"Natan Levy",985,1014,4
"Francisco Figueiredo",985,1000,4
"Tony Kelley",985,1022,4
"Gadzhimurad Antigulov",985,1000,6
"Godofredo Pepey",985,1095,11
"Marcel Fortuna",985,1000,3
"Ian Entwistle",985,1011,3
"Masio Fullen",985,1000,3
"Pascal Krauss",985,1000,4
"Steve Bruno",985,1021,3
"Anthony Torres",985,1000,2
"Alex Karalexis",985,1000,3
"Hayato Sakurai",985,1000,1
"Jason DeLucia",985,1000,3
"Aoriqileng",984,1041,7
"Adam Fugitt",984,1030,4
"Jamie Mullarkey",984,1042,11
"Pete Rodriguez",984,1008,3
"William Knight",984,1000,7
"Bharat Kandare",984,1000,1
"Rafael Natal",984,1050,16
"Travis Lutter",984,1010,6
"Jeff Joslin",984,1000,1
"Armen Petrosyan",983,1000,7
"Drew Dober",983,1109,23
"Jessica-Rose Clark",983,1000,9
"Hunter Azure",983,1002,4
"Markus Perez",983,1006,7
"Tamdan McCrory",983,1000,9
"Tony Sims",983,1000,3
"Sarah Kaufman",983,1000,3
"Sam Stout",983,1028,20
"Ivan Jorge",983,1000,4
"Jon Manley",983,1000,1
"Kit Cope",983,1000,1
"Richard Crunkilton",983,1000,1
"Chris Haseman",983,1000,1
"Julian Marquez",982,1000,8
"Davey Grant",982,1124,13
"Omar Morales",982,1000,7
"Sabina Mazo",982,1014,7
"Jack Marshman",982,1000,8
"Nazareno Malegarie",982,1000,1
"Matt Hobar",982,1009,3
"Tina Lahdemaki",982,1000,1
"Riki Fukuda",982,1013,5
"Carlo Prater",982,1000,3
"Chris Tickle",982,1000,1
"Nick Pace",982,1000,3
"Rory Markham",982,1000,3
"Shannon Gugerty",982,1000,5
"David Baron",982,1000,1
"Marcelo Aguiar",982,1000,1
"Ozzy Diaz",981,1030,2
"Zachary Reese",981,1030,4
"Kron Gracie",981,1000,4
"Garrett Armfield",981,1020,5
"Khama Worthy",981,1000,5
"Christian Aguilera",981,1000,3
"Daichi Abe",981,1000,3
"Felipe Silva",981,1000,3
"Joe Merritt",981,1000,1
"Ryan Jimmo",981,1000,7
"Thiago Perpetuo",981,1000,3
"Eddie Ruiz",981,1000,1
"Tony Halme",981,1000,1
"Marcus Bossett",981,1000,3
"Gilbert Urbina",980,1007,3
"Leah Letson",980,1000,2
"Zviad Lazishvili",980,1000,1
"Lara Procopio",980,1000,3
"Jordan Rinaldi",980,1017,5
"Tyler Diamond",980,1000,1
"Felipe Olivieri",980,1000,1
"Katsunori Kikuno",980,1000,5
"Paulo Thiago",980,1000,13
"Justin Lawrence",980,1000,3
"Jake Hecht",980,1000,3
"Eric Schafer",980,1000,9
"Caol Uno",980,1010,8
"Rolando Delgado",980,1000,3
"Billy Miles",980,1000,1
"Darrel Gholar",980,1000,1
"Allan Goes",980,1000,1
"Danyelle Wolf",979,1000,1
"Isabela de Padua",979,1000,1
"Sheymon Moraes",979,1013,5
"Amanda Cooper",979,1001,6
"Cyril Asker",979,1009,5
"Erick Montano",979,1000,3
"Kenny Robertson",979,1062,9
"Chris Saunders",979,1000,1
"Floyd Sword",979,1000,1
"Nick Thompson",979,1000,2
"Chris Sanford",979,1000,1
"Alex Schoenauer",979,1000,1
"Vernon White",979,1000,1
"Fabio Gurgel",979,1000,1
"Thomas Ramirez",979,1000,1
"Minoki Ichihara",979,1000,1
"Igor Severino",978,1000,1
"Cole Smith",978,1000,3
"Tim Boetsch",978,1022,24
"Alex Gorgees",978,1000,1
"Tom Gallicchio",978,1000,1
"Leandro Issa",978,1037,5
"Shunichi Shimizu",978,1000,1
"James Hammortree",978,1000,1
"Matt Veach",978,1000,3
"Marcus Jones",978,1000,1
"Mike Whitehead",978,1000,1
"Homer Moore",978,1000,1
"Brad Kohler",978,1039,2
"Austin Lingo",977,1000,5
"Ashlee Evans-Smith",977,1000,9
"Shamil Abdurakhimov",977,1027,11
"Klidson Abreu",977,1000,3
"James Mulheron",977,1000,1
"Brandon Thatch",977,1000,6
"Jim Alers",977,1000,3
"Marcin Wrzosek",977,1000,1
"Akbarh Arreola",977,1012,4
"Chico Camus",977,1000,7
"Rocky Lee",977,1000,1
"John Cholish",977,1000,3
"Delson Heleno",977,1000,1
"Dan Barrera",977,1000,1
"Brian Geraghty",977,1000,1
"Rex Holman",977,1000,1
"Fabiano Iha",977,1071,7
"Joey Gilbert",977,1000,1
"Joao Roque",977,1000,1
"Jorge Patino",977,1000,1
"Ottman Azaitar",976,1000,5
"Mitch Raposo",976,1000,1
"Emily Ducote",976,1000,5
"Ben Saunders",976,1000,19
"Keita Nakamura",976,1071,11
"Adam Milstead",976,1000,3
"Stanislav Nedkov",976,1000,3
"Cody Donovan",976,1000,4
"Goran Reljic",976,1000,4
"Nissen Osterneck",976,1000,1
"Rameau Thierry Sokoudjou",976,1000,3
"Derrick Noble",976,1000,1
"Jason Thacker",976,1000,1
"Joao Pierini",976,1000,1
"Max Griffin",975,1080,17
"Carlos Hernandez",975,1030,6
"Michelle Waterson-Gomez",975,1000,15
"Abubakar Nurmagomedov",975,1032,4
"Benito Lopez",975,1000,4
"Marcelo Golm",975,1000,4
"Robert Whiteford",975,1033,5
"Tor Troeng",975,1000,4
"Henry Martinez",975,1003,3
"Justin Wren",975,1000,1
"Tim McKenzie",975,1000,1
"Steve Vigneault",975,1000,1
"Michael Johnson",974,1067,30
"Ivan Erslan",974,1000,1
"Alexander Munoz",974,1030,3
"Jeremy Stephens",974,1030,33
"Irwin Rivera",974,1000,3
"Nick Roehrick",974,1000,1
"Joe Riggs",974,1001,12
"Noad Lahat",974,1014,4
"Hayder Hassan",974,1000,2
"Bruno Korea",974,1000,1
"Mike Rio",974,1000,4
"Karlos Vemola",974,1004,6
"Dante Rivera",974,1000,1
"Rick Davis",974,1000,1
"Brian Gassaway",974,1000,1
"Bill Mahood",974,1000,1
"Mark Weir",974,1000,3
"Kelly Dullanty",974,1000,1
"Aaron Brink",974,1000,1
"Wes Albritton",974,1000,1
"Lucas Almeida",973,1003,5
"Clay Guida",973,1009,37
"Baergeng Jieleyisi",973,1000,1
"Jose Ochoa",973,1000,1
"Dusko Todorovic",973,1000,8
"Daniel Pineda",973,1000,13
"CJ Vergara",973,1008,7
"Junior Tafa",973,1045,5
"Blake Bilder",973,1000,3
"Kanako Murata",973,1000,3
"Jason Gonzalez",973,1000,4
"CB Dollaway",973,1017,20
"Christina Marks",973,1000,1
"Vagner Rocha",973,1000,4
"Chris Spang",973,1000,1
"Yasuhiro Urushitani",973,1000,2
"Jesse Bongfeldt",973,1000,1
"Alexandre Barros",973,1000,1
"Jorge Gurgel",973,1007,7
"Yuki Sasaki",973,1000,1
"James Zikic",973,1000,1
"Paul Creighton",973,1000,1
"Harold Howard",973,1000,3
"Anshul Jubli",972,1000,3
"Chad Anheliger",972,1000,5
"Chris Barnett",972,1026,5
"Blagoy Ivanov",972,1003,8
"Lando Vannata",972,1006,11
"Mickael Lebout",972,1000,3
"Colton Smith",972,1000,4
"Roger Gracie",972,1000,1
"Collin Hart",972,1000,1
"Chris Lytle",972,1152,20
"Antonio McKee",972,1000,1
"Josh Bryant",972,1000,1
"Jonathan Goulet",972,1010,9
"Jake Rosholt",972,1007,3
"Jason Dent",972,1008,4
"Brandon Melendez",972,1000,1
"Andy Wang",972,1000,1
"Jason Von Flue",972,1000,3
"Igor Zinoviev",972,1000,1
"Muin Gafurov",971,1057,4
"Jamall Emmers",971,1002,7
"Kai Kamaka",971,1000,3
"Jin Soo Son",971,1000,2
"George Sullivan",971,1000,7
"Joe Giannetti",971,1000,1
"Francisco Trevino",971,1000,3
"Clay Collard",971,1000,4
"Jianping Yang",971,1000,1
"John Teixeira",971,1000,1
"Chris Cope",971,1000,3
"Stephen Bass",971,1000,1
"Josh Shockman",971,1000,1
"Justin Eilers",971,1000,4
"Gil Castillo",971,1014,3
"Andrey Pulyaev",970,1000,1
"Guram Kutateladze",970,1000,5
"Djorden Santos",970,1000,1
"Julius Walker",970,1000,1
"Bruna Brasil",970,1007,5
"Colby Thicknesse",970,1000,1
"Kody Steele",970,1000,1
"Austin Bashi",970,1000,1
"Nicolle Caliari",970,1000,1
"Nyamjargal Tumendemberel",970,1000,1
"Michael Chandler",970,1000,6
"Roberto Romero",970,1000,1
"Cortavious Romious",970,1000,1
"Julian Erosa",970,1126,15
"Westin Wilson",970,1045,3
"Angel Pacheco",970,1000,1
"Bekzat Almakhan",970,1000,1
"Ravena Oliveira",970,1000,1
"Carlos Mota",970,1000,1
"Raulian Paiva",970,1047,7
"Kay Hansen",970,1000,4
"Justin Salas",970,1000,7
"Masanori Kanehara",970,1000,3
"Tom Watson",970,1000,7
"Niklas Backstrom",970,1000,3
"James Irvin",970,1017,10
"Chris Wilson",970,1000,4
"Charles McCarthy",970,1023,3
"Steve Byrnes",970,1000,1
"Bobby Southworth",970,1000,1
"Renato Verissimo",970,1000,3
"Alex Stiebling",970,1000,1
"Alex Andrade",970,1000,1
"Satoshi Honma",970,1000,1
"Brad Gumm",970,1000,1
"Carlos Barreto",970,1000,1
"Yuri Vaulin",970,1000,1
"Wallid Ismail",970,1000,1
"Rongzhu",969,1030,5
"Jessica Penne",969,1011,9
"Ode Osbourne",969,1000,10
"Matt Schnell",969,1049,13
"Steven Peterson",969,1028,8
"Alexander Yakovlev",969,1019,9
"Allen Crowder",969,1011,3
"Jay Cucciniello",969,1000,1
"Alex Nicholson",969,1000,4
"Cindy Dandois",969,1000,1
"CM Punk",969,1000,1
"Marcelo Guimaraes",969,1000,4
"Martin Svensson",969,1000,1
"Ron Stallings",969,1000,3
"Rodolfo Rubio Perez",969,1000,1
"Cody McKenzie",969,1022,7
"Jeff Hougland",969,1000,3
"Tom Egan",969,1000,1
"Josh Hendricks",969,1000,1
"Kerry Schall",969,1000,1
"Nick Agallar",969,1000,1
"John Matua",969,1000,1
"Josh Fremd",968,1025,6
"Cristian Quinonez",968,1000,3
"Hailey Cowan",968,1000,1
"Dwight Grant",968,1000,8
"Eric Spicely",968,1003,7
"Keith Berish",968,1000,1
"Matt Dwyer",968,1006,4
"Lewis Gonzalez",968,1000,1
"Louis Gaudinot",968,1022,4
"Jamie Varner",968,1016,9
"Daniel Spohn",968,1000,1
"Dave Galera",968,1000,1
"Mac Danzig",968,1000,13
"Mike Ricci",968,1004,3
"Anton Kuivanen",968,1004,3
"Milton Vieira",968,1000,1
"Antonio Banuelos",968,1000,1
"Willamy Freire",968,1000,1
"David Bielkheden",968,1001,3
"Lodune Sincaid",968,1000,1
"Romie Aram",968,1000,1
"Adrian Serrano",968,1000,1
"David Velasquez",968,1000,1
"Valeri Ignatov",968,1000,2
"Jason Fairn",968,1000,1
"Herbert Burns",967,1000,6
"Pedro Falcao",967,1000,1
"Steven Nguyen",967,1000,1
"Khusein Askhabov",967,1000,1
"Mounir Lazzez",967,1000,4
"Justine Kish",967,1000,7
"Sung Bin Jo",967,1000,1
"Jamie Moyle",967,1000,3
"Mark Godbeer",967,1023,4
"Francisco Rivera",967,1025,10
"Andreas Stahl",967,1000,2
"Humberto Brown Morrison",967,1000,1
"Guilherme Vasconcelos",967,1000,1
"Rosi Sexton",967,1000,2
"Brendan Loughnane",967,1000,1
"Walel Watson",967,1000,4
"Dustin Neace",967,1000,1
"Maciej Jewtuszko",967,1000,1
"Tyler Toner",967,1000,1
"Sako Chivitchian",967,1000,1
"Dale Hartt",967,1025,3
"Branden Lee Hinkle",967,1000,3
"Ronald Jhun",967,1000,1
"Nick Serra",967,1000,1
"Ray Wizard",967,1000,1
"Justin Tafa",966,1058,9
"Jose Daniel Medina",966,1000,1
"Parker Porter",966,1011,8
"Dean Barry",966,1000,1
"Emil Meek",966,1000,4
"Allan Zuniga",966,1000,1
"Mads Burnell",966,1004,3
"Alex Torres",966,1000,1
"Edwin Figueroa",966,1000,6
"Matt Lucas",966,1000,1
"Ryan McGillivray",966,1000,1
"Mark Scanlon",966,1000,1
"Tony Petarra",966,1000,1
"Cal Worsham",966,1015,3
"Ernie Verdicia",966,1000,1
"Ion Cutelaba",965,1079,17
"Joshua Weems",965,1000,1
"Curt Warburton",965,1003,3
"Mario Miranda",965,1009,4
"Julio Paulino",965,1000,2
"Denis Kang",965,1001,3
"Shane Primm",965,1000,1
"Alvin Robinson",965,1000,4
"Justin James",965,1000,1
"Josh Stuart",965,1000,1
"Vince Morales",964,1000,10
"Gabriel Miranda",964,1002,3
"Askar Mozharov",964,1000,1
"Raphael Pessoa",964,1000,3
"Devin Powell",964,1016,4
"Andrew Holbrook",964,1000,5
"Nathan Coy",964,1000,3
"Cory Hendricks",964,1000,1
"Abner Lloveras",964,1000,1
"Chuck O'Neil",964,1000,1
"Travis Fulton",964,1027,2
"Rainy Martinez",964,1000,1
"Ron van Clief",964,1000,1
"Damir Hadzovic",963,1002,10
"Josh Quinlan",963,1000,4
"Charles Rosa",963,1000,13
"Sasha Palatnikov",963,1000,3
"Yorgan De Castro",963,1000,4
"Sarah Moras",963,1000,9
"Melinda Fabian",963,1000,1
"Gasan Umalatov",963,1000,4
"Roger Narvaez",963,1000,3
"Marcos Vinicius",963,1000,3
"Josh Neer",963,1004,15
"Ronys Torres",963,1000,2
"Carmelo Marrero",963,1000,4
"Nate Schroeder",963,1000,1
"John Lober",963,1000,1
"John Dowdy",963,1000,1
"Andrea Lee",962,1000,14
"Bassil Hafez",962,1000,3
"Kamuela Kirk",962,1000,3
"Mandy Bohm",962,1030,3
"Luigi Vendramini",962,1003,4
"Andre Soukhamthath",962,1026,7
"Josh Stansbury",962,1000,3
"Yves Jabouin",962,1014,10
"Hans Stringer",962,1000,3
"Julie Kedzie",962,1000,2
"Peggy Morgan",962,1000,1
"Reuben Duran",962,1000,4
"Simeon Thoresen",962,1000,3
"Zhang Tiequan",962,1000,4
"Shane Roller",962,1000,6
"Denis Stojnic",962,1000,2
"John Marsh",962,1000,1
"Jack McGlaughlin",962,1000,1
"Sam Hughes",961,1076,10
"Robert Bryczek",961,1000,1
"SeungGuk Choi",961,1000,1
"Chris Gruetzemacher",961,1000,7
"Laureano Staropoli",961,1000,6
"Austin Springer",961,1000,1
"Roman Bogatov",961,1000,1
"Eric Shelton",961,1003,6
"Robert Sanchez",961,1014,3
"Azunna Anyanwu",961,1000,1
"Milana Dudieva",961,1000,3
"Caros Fodor",961,1000,1
"John Salter",961,1000,3
"Brian Cobb",961,1000,1
"Greg Stott",961,1000,1
"Abu Azaitar",960,1000,3
"John Allan",960,1000,2
"Shana Dobson",960,1005,6
"Ben Sosoli",960,1000,1
"Yui Chul Nam",960,1000,3
"Vik Grujic",960,1000,4
"Josh Clopton",960,1000,2
"Wanderlei Silva",960,1057,12
"Tom Blackledge",960,1000,1
"Kyle Bradley",960,1022,4
"Houston Alexander",960,1000,6
"Neil Wain",960,1000,1
"Cale Yarbrough",960,1000,1
"Jason Tan",960,1000,2
"Kristof Midoux",960,1000,1
"Joe Jordan",960,1000,1
"Ansar Chalangov",960,1000,2
"Andre Pederneiras",960,1000,1
"Frank Caracci",960,1000,1
"Tafon Nchukwi",959,1000,6
"Takashi Sato",959,1000,7
"Martin Bravo",959,1000,4
"Bibulatov Magomed",959,1000,3
"Kelly Faszholz",959,1000,2
"Maximo Blanco",959,1025,9
"Jose Maria",959,1000,2
"Ivan Serati",959,1000,1
"Alberta Cerra Leon",959,1000,1
"Johnny Munoz",958,1000,6
"Danny Chavez",958,1000,3
"Felipe Colares",958,1000,6
"Yoshinori Horie",958,1000,1
"Justin Frazier",958,1000,1
"Alvaro Herrera Mendoza",958,1000,4
"Frankie Perez",958,1002,4
"Ricardo Romero",958,1000,3
"Phil Baroni",958,1000,10
"Corey Hill",958,1000,3
"Sean Alvarez",958,1000,1
"Paul Herrera",958,1000,1
"Trent Jenkins",958,1000,1
"Don'Tale Mayes",957,1024,10
"Thomas Petersen",957,1000,3
"Karolina Kowalkiewicz",957,1076,18
"Nick Fiore",957,1000,2
"Rafael Alves",957,1000,4
"Steven Koslow",957,1000,1
"Mike Jackson",957,1000,3
"Deron Winn",957,1000,5
"Emily Whitmire",957,1000,6
"Vanessa Melo",957,1030,4
"Manvel Gamburyan",957,1033,14
"Alptekin Ozkilic",957,1000,4
"Mike King",957,1000,1
"Brian Houston",957,1000,2
"Sheila Gaff",957,1000,2
"DaMarques Johnson",957,1007,10
"Charlie Valencia",957,1000,1
"Fredson Paixao",957,1000,1
"Trevin Jones",956,1000,5
"Richie Smullen",956,1000,1
"Reginaldo Vieira",956,1000,3
"Leo Kuntz",956,1000,2
"Roger Zapata",956,1000,1
"Pat Schilling",956,1000,2
"Jesse Sanders",956,1000,1
"Stevie Lynch",956,1000,1
"Sean Salmon",956,1000,2
"Dokonjonosuke Mishima",956,1000,2
"Bob Gilstrap",956,1000,1
"Eugenio Tadeu",956,1000,1
"David Levicki",956,1000,1
"Diyar Nurgozhay",955,1000,1
"Josias Musasa",955,1000,1
"Yuneisy Duben",955,1000,1
"Nick Klein",955,1000,1
"Eric McConico",955,1000,1
"Billy Elekana",955,1000,1
"Kai Asakura",955,1000,1
"Kiru Sahota",955,1000,1
"Feng Xiaocan",955,1000,1
"Klaudia Sygula",955,1000,1
"Sean Sharaf",955,1000,1
"Robert Valentin",955,1000,1
"Mitch Ramirez",955,1000,1
"Aleksa Camur",955,1000,4
"Mike Grundy",955,1000,4
"Daniel Spitz",955,1000,4
"Adam Yandiev",955,1000,1
"Jeremy Kimball",955,1000,4
"Henry Briones",955,1000,5
"Damien Brown",955,1000,6
"Dominique Steele",955,1000,5
"Cody East",955,1000,2
"Scott Jorgensen",955,1000,12
"Josh Sampo",955,1000,4
"John Gunderson",955,1000,3
"Mario Neto",955,1000,1
"Rob MacDonald",955,1000,3
"Solomon Hutcherson",955,1000,1
"Icho Larenas",955,1000,1
"Keigo Kunihara",955,1000,1
"Wade Shipp",955,1000,1
"Chris Liguori",955,1000,1
"Gerald Strebendt",955,1000,1
"Leigh Remedios",955,1000,1
"David Roberts",955,1000,1
"Joey Roberts",955,1000,1
"Adriano Santos",955,1000,1
"Paulo Santos",955,1000,1
"Marcus Silveira",955,1000,1
"Saeed Hosseini",955,1000,1
"Eric Martin",955,1000,1
"Dieusel Berto",955,1000,1
"Matt Andersen",955,1000,1
"Francesco Maturi",955,1000,1
"Rudyard Moncayo",955,1000,1
"Andy Anderson",955,1000,1
"Thaddeus Luster",955,1000,1
"Felipe dos Santos",954,1000,4
"Manolo Zecchini",954,1000,1
"Tyson Nam",954,1010,8
"Duda Santana",954,1000,1
"Richard Walsh",954,1000,6
"Rin Nakai",954,1000,2
"Yosdenis Cedeno",954,1000,4
"Bentley Syler",954,1000,1
"Bart Palaszewski",954,1000,4
"Paul Bradley",954,1000,2
"Alexandre Ferreira",954,1000,1
"Matt Horwich",954,1000,2
"Scott Smith",954,1000,4
"Sherman Pendergarst",954,1000,1
"Crafton Wallace",954,1000,2
"Tra Telligman",954,1000,5
"Townsend Saunders",954,1000,2
"Kevin Rosier",954,1000,1
"Veronica Hardy",953,1067,9
"Yana Santos",953,1030,10
"AJ Fletcher",953,1025,4
"Alessio Di Chirico",953,1015,11
"Liliya Shakirova",953,1000,1
"Ben Askren",953,1000,3
"Filip Pejic",953,1000,1
"Renee Forte",953,1000,4
"Steve Lopez",953,1000,2
"Ryo Chonan",953,1000,4
"James Lee",953,1000,1
"Flavio Luiz Moura",953,1000,1
"Chris Condo",953,1000,1
"Brian Johnston",953,1000,6
"Todd Butler",953,1000,1
"Julian Sanchez",953,1000,1
"John Campetella",953,1000,1
"Francisco Prado",952,1000,4
"Gadzhi Omargadzhiev",952,1000,2
"Matt Sayles",952,1000,4
"Ryan Benoit",952,1011,9
"Jordan Griffin",952,1000,5
"Eduardo Garagorri",952,1000,3
"Michel Batista",952,1000,1
"Jonathan Wilson",952,1000,4
"Daniel Jolly",952,1000,2
"Alan Omer",952,1000,2
"Hernani Perpetuo",952,1000,2
"Albert Cheng",952,1000,1
"Joao Zeferino",952,1000,2
"Danny Downes",952,1000,2
"James Toney",952,1000,1
"Jamie Yager",952,1000,1
"Frank Lester",952,1000,1
"James Giboo",952,1000,1
"Richie Hightower",952,1000,1
"Jeff Newton",952,1000,1
"Jermaine Andre",952,1000,1
"Dmitri Stepanov",952,1000,1
"Jim Mullen",952,1000,1
"Dave Berry",952,1000,1
"Koji Kitao",952,1000,1
"Jai Herbert",951,1035,8
"Daniel Barez",951,1000,3
"Jared Gooden",951,1022,7
"Lucas Rocha",951,1000,1
"Zygimantas Ramaska",951,1000,1
"Stewart Nicoll",951,1000,1
"Abdul-Kareem Al-Selwady",951,1000,1
"Shane Young",951,1000,7
"Maria Oliveira",951,1000,4
"Darrick Minner",951,1000,6
"Cortney Casey",951,1007,15
"Callan Potter",951,1000,3
"Yusuke Kasuya",951,1000,2
"Wendell Oliveira Marques",951,1000,2
"Rodrigo de Lima",951,1000,2
"Jay Silva",951,1000,2
"Dorian Price",951,1000,1
"Moti Horenstein",951,1000,2
"Christophe Leninger",951,1000,2
"Keith Mielke",951,1000,1
"Gerry Harris",951,1000,1
"Asbel Cancio",951,1000,1
"Melton Bowen",951,1000,1
"Emmanuel Yarborough",951,1000,1
"Cody Gibson",950,1035,9
"Ariane da Silva",950,1056,13
"Toshiomi Kazama",950,1045,3
"Kleydson Rodrigues",950,1000,4
"Michal Figlak",950,1000,2
"Landon Quinones",950,1000,2
"Kyle Daukaus",950,1000,6
"Shanna Young",950,1025,4
"Gabriel Silva",950,1000,2
"Bobby Moffett",950,1000,2
"Sultan Aliev",950,1030,4
"David Branch",950,1000,9
"Austin Arnett",950,1000,4
"Geane Herrera",950,1000,4
"Justin Jones",950,1000,2
"Chael Sonnen",950,1068,14
"Nandor Guelmino",950,1000,1
"Ryan Couture",950,1000,2
"Gilbert Smith",950,1000,1
"Manuel Rodriguez",950,1000,1
"Mike Lullo",950,1000,2
"Danillo Villefort",950,1000,1
"Jules Bruchez",950,1000,1
"Paul Georgieff",950,1000,1
"Fabiano Scherner",950,1000,2
"Lowell Anderson",950,1000,1
"Jackie Lee",950,1000,1
"Zane Frazier",950,1000,1
"Ryan Parker",950,1000,1
"He-Man Gipson",950,1000,1
"Sean Daugherty",950,1000,1
"Zachary Scroggin",949,1000,1
"Tamires Vidal",949,1000,4
"Austin Hubbard",949,1005,10
"Luis Pajuelo",949,1000,1
"Andre Fialho",949,1000,7
"Roxanne Modafferi",949,1000,12
"Trevor Smith",949,1000,12
"Leonardo Guimaraes",949,1000,2
"Elizabeth Phillips",949,1015,4
"Daniel Sarafian",949,1000,6
"Jessica Rakoczy",949,1000,2
"Izabela Badurek",949,1000,1
"Marcin Bandel",949,1000,2
"Marcus LeVesseur",949,1000,3
"Anistavio Medeiros",949,1000,1
"Bernardo Magalhaes",949,1000,2
"Greg Soto",949,1000,3
"Vinicius Queiroz",949,1000,1
"Cameron Dollar",949,1000,1
"Neil Grove",949,1000,1
"Doug Evans",949,1000,2
"Jared Rollins",949,1000,1
"Zach Light",949,1000,1
"Rodrigo Ruas",949,1000,1
"Houston Dorr",949,1000,1
"David Hood",949,1000,1
"Fred Ettish",949,1000,1
"Robert Lucarelli",949,1000,1
"Victor Altamirano",948,1000,6
"Braxton Smith",948,1000,1
"Eddie Wineland",948,1006,16
"Kevin Aguilar",948,1000,6
"Carlton Minus",948,1000,2
"Rostem Akman",948,1000,2
"Derrick Krantz",948,1000,2
"Michel Quinones",948,1000,2
"Seo Hee Ham",948,1000,4
"Tom Niinimaki",948,1000,4
"Luke Zachrich",948,1000,3
"Jimmy Quinlan",948,1000,1
"Eric Wisely",948,1000,2
"Renzo Gracie",948,1000,1
"Darrill Schoonover",948,1000,1
"Ryan Madigan",948,1000,1
"Chris Price",948,1000,2
"Cory Walmsley",948,1000,1
"Kristian Rothaermel",948,1000,1
"Paul Rodriguez",948,1000,1
"Masutatsu Yano",948,1000,1
"Joe Pardo",948,1000,1
"Courtney Turner",948,1000,1
"Donnie Chappell",948,1000,1
"Ricky Glenn",947,1000,10
"Ji Yeon Kim",947,1000,10
"Mara Romero Borella",947,1000,7
"Brok Weaver",947,1000,3
"Chris Fishgold",947,1000,4
"Maia Stevenson",947,1000,1
"Chan-Mi Jeon",947,1000,2
"Larissa Pacheco",947,1000,2
"Shane Howell",947,1000,2
"Charlie Brenneman",947,1000,11
"Michael Kuiper",947,1000,4
"Rolles Gracie",947,1000,1
"Andre Gusmao",947,1000,2
"Derek Downey",947,1000,1
"John Kolosci",947,1000,1
"Scott Junk",947,1000,1
"SeungWoo Choi",946,1006,11
"Alice Ardelean",946,1000,2
"Yizha",946,1000,2
"Silvana Gomez Juarez",946,1009,4
"Andreas Michailidis",946,1000,4
"Mallory Martin",946,1000,4
"Mark De La Rosa",946,1000,7
"Kyle Bochniak",946,1000,7
"Joey Gomez",946,1000,2
"Anthony Christodoulou",946,1000,2
"Leonardo Morales",946,1000,2
"Alexis Dufresne",946,1000,2
"Motonobu Tezuka",946,1000,2
"Josh Rafferty",946,1000,1
"Phil Johns",946,1000,1
"Eldo Xavier Dias",946,1000,1
"Scott Baker",946,1000,1
"Mariya Agapova",945,1000,6
"Marnic Mann",945,1000,2
"Max Rohskopf",945,1000,1
"Juan Adams",945,1000,4
"Nohelin Hernandez",945,1000,2
"Ricky Rainey",945,1000,2
"Artem Lobov",945,1000,7
"Sam Sicilia",945,1000,12
"Ernest Chavez",945,1000,3
"Eddie Mendez",945,1000,1
"Adam Cella",945,1000,1
"Colin Fletcher",945,1000,2
"Ulysses Gomez",945,1000,2
"John Polakowski",945,1000,1
"Kuniyoshi Hironaka",945,1000,4
"Ryan Roberts",945,1000,1
"Chad Reiner",945,1000,2
"Roland Payne",945,1000,1
"Sumudaerji",944,1000,7
"Jeka Saragih",944,1000,3
"Val Woodburn",944,1000,2
"Martin Sano",944,1000,1
"Luan Chagas",944,1000,3
"Patrick Williams",944,1000,4
"Carls John De Tomas",944,1000,2
"Igor Pokrajac",944,1012,12
"James Head",944,1000,5
"Dan Stittgen",944,1000,2
"Kamal Shalorus",944,1000,3
"Aaron Wilkinson",944,1000,1
"Nate Mohr",944,1000,4
"Mike Wessel",944,1000,1
"Terry Martin",944,1047,6
"Sean Gannon",944,1000,1
"Joe Son",944,1000,1
"Elise Reed",943,1030,8
"Liana Jojua",943,1000,4
"Jacob Kilburn",943,1000,2
"Peter Barrett",943,1000,2
"Darrell Horcher",943,1000,4
"Craig White",943,1000,2
"Ariel Beck",943,1000,1
"Will Brooks",943,1000,4
"Elvis Mutapcic",943,1000,2
"Chris Avila",943,1000,2
"Antonio Silva",943,1000,10
"Sean Spencer",943,1000,8
"Kazuki Tokudome",943,1000,4
"Roger Hollett",943,1000,2
"Jason Young",943,1000,4
"Wagner Campos",943,1000,1
"Luis Ramos",943,1000,2
"Jason Miller",943,1000,3
"Dan Evensen",943,1000,2
"Allen Berube",943,1000,1
"David Dodd",943,1000,2
"Harry Moskowitz",943,1000,2
"Orion Cosce",942,1000,3
"Randa Markos",942,1030,17
"Luke Sanders",942,1000,8
"Junior Albini",942,1000,5
"Cristina Stanciu",942,1000,2
"Enrique Marin",942,1000,2
"Vernon Ramos Ho",942,1000,1
"Jack May",942,1000,2
"Clay Harvison",942,1000,3
"Amilcar Alves",942,1000,2
"Chase Gormley",942,1000,2
"Tommy Speer",942,1000,2
"Dave Menne",942,1000,6
"Scott Fiedler",942,1000,1
"Victor Rodriguez",941,1000,2
"Sarah Frota",941,1000,2
"Matthew Lopez",941,1000,6
"Hector Lombard",941,1000,11
"Alex Ricci",941,1000,2
"Alberto Uda",941,1000,2
"Anthony Perosh",941,1079,12
"Bubba Bush",941,1000,1
"Jessamyn Duke",941,1000,4
"Tim Gorman",941,1000,2
"Pat Barry",941,1000,12
"Christian Morecraft",941,1000,4
"Chris Tuchscherer",941,1000,4
"Pat Audinwood",941,1000,2
"Reese Andy",941,1000,2
"Jarno Errens",940,1000,4
"Carlos Candelario",940,1000,2
"Walt Harris",940,1058,15
"Matt Bessette",940,1000,2
"Anna Elmose",940,1000,2
"Yoshihiro Akiyama",940,1003,7
"Luiz Dutra",940,1000,2
"Richardson Moreira",940,1000,2
"Tom DeBlass",940,1000,2
"Steve Berger",940,1000,2
"Jose Johnson",939,1000,4
"Jordan Wright",939,1000,7
"Drako Rodriguez",939,1000,2
"Rob Wilkinson",939,1000,2
"Karine Gevorgyan",939,1000,1
"Pearl Gonzalez",939,1000,2
"Joseph Gigliotti",939,1000,2
"Mark Eddiva",939,1000,4
"Ericka Almeida",939,1000,2
"Eddie Gordon",939,1000,4
"Phil Harris",939,1000,4
"Anthony Lapsley",939,1000,2
"Alessio Sakara",939,1029,14
"Jorge Santiago",939,1000,6
"Cole Escovedo",939,1000,3
"Jeff Cox",939,1000,2
"Keiichiro Yamamiya",939,1000,1
"Hugo Duarte",939,1000,1
"Dennis Buzukja",938,1010,4
"Saimon Oliveira",938,1000,2
"Gian Villante",938,1000,18
"Ali AlQaisi",938,1000,2
"Peter Sobotta",938,1033,10
"Tarec Saffiedine",938,1000,6
"Jonavin Webb",938,1000,2
"William Macario",938,1000,4
"Leonard Garcia",938,1000,9
"Forrest Petz",938,1000,7
"Reza Nasri",938,1000,1
"Montserrat Conejo Ruiz",937,1000,4
"Miranda Granger",937,1000,4
"Bruno Souza",937,1000,2
"Suman Mokhtarian",937,1000,2
"Danilo Belluardo",937,1000,2
"Ryan MacDonald",937,1000,2
"Wulijiburen",937,1000,3
"Bec Rawlings",937,1000,7
"Marcio Alexandre Junior",937,1000,3
"Cain Carrizosa",937,1000,2
"Danny Mitchell",937,1000,2
"Kazuhiro Nakamura",937,1000,2
"John Halverson",937,1000,2
"AJ Cunningham",936,1000,2
"Marc-Andre Barriault",936,1016,13
"Timmy Cuamba",936,1000,2
"Rayanne dos Santos",936,1000,2
"Anderson Dos Santos",936,1003,4
"Viktor Pesta",936,1000,5
"Nolan Ticman",936,1000,2
"Josh Copeland",936,1000,2
"Dashon Johnson",936,1000,2
"Cristiano Marcello",936,1000,4
"Yuri Villefort",936,1000,2
"Jared Hamman",936,1000,7
"CJ Keith",936,1000,2
"Lucio Linhares",936,1000,2
"Ryan Thomas",936,1000,2
"Brad Morris",936,1000,2
"Jason Black",936,1000,2
"Assuerio Silva",936,1000,3
"Kevin Borjas",935,1000,2
"Zac Pauga",935,1000,4
"Liudvik Sholinian",935,1000,2
"Kyle Prepolec",935,1000,2
"Terrion Ware",935,1000,4
"Michael McBride",935,1000,2
"Brad Pickett",935,1000,14
"Brendan O'Reilly",935,1000,4
"Cody Pfister",935,1000,4
"Jorge de Oliveira",935,1000,2
"Frank Camacho",934,1000,8
"Mike Rodriguez",934,1000,7
"Thomas Gifford",934,1000,2
"Teemu Packalen",934,1000,4
"Humberto Bandenay",934,1000,4
"Carlo Pedersoli Jr.",934,1000,3
"Te Edwards",934,1000,2
"Jenel Lausa",934,1000,4
"JC Cottrell",934,1000,2
"Anton Zafir",934,1000,2
"Konstantin Erokhin",934,1000,2
"Brock Jardine",934,1000,2
"Bobby Hoffman",934,1000,2
"Kaan Ofli",933,1000,2
"Tuco Tokkos",933,1000,2
"Nadia Kassem",933,1000,3
"Jessica Aguilar",933,1000,5
"Oluwale Bamgbose",933,1000,5
"Wagner Silva",933,1000,2
"Ednaldo Oliveira",933,1000,2
"Joe Brammer",933,1000,2
"David Lee",933,1000,2
"Victor Valimaki",933,1000,2
"Dan Argueta",932,1000,4
"Jesse Butler",932,1000,2
"Kazula Vargas",932,1003,4
"Domingo Pilarte",932,1000,2
"Stefan Sekulic",932,1000,2
"Charles Byrd",932,1000,4
"Joshua Burkman",932,1000,18
"Kwan Ho Kwak",932,1000,2
"Jason Novelli",932,1000,2
"Shayna Baszler",932,1000,2
"Mats Nilsson",932,1000,2
"Azamat Gashimov",932,1000,2
"Alex Soto",932,1000,2
"Jason Gilliam",932,1000,2
"Amar Suloev",932,1000,2
"Tucker Lutz",931,1000,4
"Talita Bernardo",931,1000,4
"Elias Garcia",931,1000,2
"Joey Gambino",931,1000,2
"Michihiro Omigawa",931,1000,7
"Nick Aguirre",930,1000,2
"Guido Cannetti",930,1058,10
"Dalcha Lungiambula",930,1000,7
"Kris Moutinho",930,1000,2
"Micheal Gillmore",930,1000,2
"Antonio Arroyo",930,1000,3
"Sarah Alpar",930,1000,2
"Jessin Ayari",930,1000,4
"Syuri Kondo",930,1000,4
"Sean O'Connell",930,1005,7
"Willie Gates",930,1000,4
"Jorge Lopez",930,1000,2
"Justin Buchholz",930,1000,5
"Quang Le",929,1000,2
"Rachael Ostovich",929,1000,4
"Anthony Hamilton",929,1000,10
"Mehdi Baghdad",929,1000,2
"Dileno Lopes",929,1000,2
"Paul Redmond",929,1000,2
"Shane del Rosario",929,1000,2
"Mark Holst",929,1000,2
"David Kaplan",929,1000,2
"Elvis Sinosic",929,1000,7
"Gilbert Aldana",929,1000,2
"Kevin Jordan",929,1000,2
"Mohammad Yahya",928,1000,2
"AJ Dobson",928,1000,4
"Mark Striegl",928,1000,2
"Lauren Mueller",928,1000,4
"Kyle Stewart",928,1000,2
"Danny Martinez",928,1030,4
"Quinn Mulhern",928,1000,2
"Josh Ferguson",928,1000,2
"Travis Wiuff",928,1000,2
"Kyle Nelson",927,1055,9
"Luan Lacerda",927,1000,2
"Randy Costa",927,1000,6
"Barb Honchak",927,1000,2
"Richie Vaculik",927,1000,4
"Josh Shockley",927,1000,2
"Juan Manuel Puig",927,1000,2
"Ramiro Hernandez",927,1000,2
"Aaron Riley",927,1000,9
"Todd Brown",927,1000,2
"Tim Hague",927,1000,5
"Diego Saraiva",927,1000,3
"Hector Ramirez",927,1000,2
"Jordan Vucenic",926,1000,2
"Charalampos Grigoriou",926,1000,2
"Joseph Holmes",926,1000,4
"Brogan Walker",926,1000,2
"Jessica Eye",926,1004,15
"Gaetano Pirrello",926,1000,2
"Vince Cachero",926,1000,2
"Carlos Huachin",926,1000,2
"Marcos Mariano",926,1000,2
"Mike de la Torre",926,1000,6
"Jerrod Sanders",926,1000,3
"Matt Van Buren",926,1000,2
"Sammy Morgan",926,1000,2
"Kimo Leopoldo",926,1007,6
"Nikolay Veretennikov",925,1000,2
"Angela Hill",925,1090,27
"Claudio Ribeiro",925,1000,4
"Dan Moret",925,1000,3
"Joe Soto",925,1053,8
"Jocelyn Jones-Lybarger",925,1000,3
"Tateki Matsuda",925,1000,2
"Jeff Curran",925,1000,3
"Aaron Rosa",925,1000,3
"Edwin DeWees",925,1000,3
"Jeremy Jackson",925,1000,2
"Sam Fulton",925,1000,2
"Preston Parsons",924,1000,6
"Tim Elliott",924,1074,20
"Collin Anglin",924,1000,2
"Mizuto Hirota",924,1000,6
"James Bochnovic",924,1000,2
"Bobby Nash",924,1000,3
"Ashkan Mokhtarian",924,1000,2
"Fabricio Camoes",924,1000,5
"Chad Griggs",924,1000,2
"Samy Schiavo",924,1000,2
"Cameron Else",923,1000,2
"Hannah Cifers",923,1000,7
"Grigory Popov",923,1000,2
"Charlie Ward",923,1000,2
"Steve Montgomery",923,1000,2
"Isaac Vallie-Flagg",923,1000,4
"Wagner Prado",923,1000,2
"Tommy Hayden",923,1000,2
"Alberto Crane",923,1000,2
"Jordan Radev",923,1000,2
"Ross Pointon",923,1000,2
"Devin Clark",922,1000,17
"Jay Perrin",922,1000,3
"Jordan Espinosa",922,1000,6
"Mike Santiago",922,1000,3
"Oliver Enkamp",922,1000,2
"Lukasz Sajewski",922,1000,3
"Roman Salazar",922,1000,2
"Mike Stumpf",922,1000,2
"Donny Walker",922,1000,2
"Pete Sell",922,1000,7
"Joe Veres",922,1000,2
"Danny Abbadi",922,1000,2
"Antonio Trocoli",921,1000,2
"Jesse Strader",921,1000,2
"David Zawada",921,1000,5
"Darren Stewart",921,1068,12
"Garreth McLellan",921,1000,5
"Mike Guymon",921,1000,4
"Rodney Wallace",921,1000,3
"Michael Patt",921,1000,2
"Luke Caudillo",921,1000,2
"Koji Oishi",921,1000,2
"Curtis Stout",921,1000,2
"Tim Lajcik",921,1000,2
"Lucas Alexander",920,1000,4
"Don Shainis",920,1000,2
"KB Bhullar",920,1000,2
"Yao Zhikui",920,1000,4
"Fernando Bruno",920,1000,2
"Rafael Cavalcante",920,1000,5
"Dave Herman",920,1000,5
"Yoislandy Izquierdo",920,1000,2
"Norifumi Yamamoto",920,1000,3
"Edward Faaloloto",920,1000,2
"Xavier Foupa-Pokam",920,1000,2
"Lina Lansberg",919,1000,11
"Darian Weeks",919,1000,3
"Bevon Lewis",919,1000,4
"Rolando Dy",919,1000,4
"Horacio Gutierrez",919,1000,2
"Steve Kennedy",919,1000,2
"Guto Inocente",919,1000,2
"Bristol Marunde",919,1000,2
"Eiji Mitsuoka",919,1000,2
"Steve Cantwell",919,1000,6
"Caio Machado",918,1000,3
"Victor Martinez",918,1000,2
"TJ Brown",918,1002,8
"Brian Camozzi",918,1000,3
"Marcin Held",918,1039,4
"Emily Kagan",918,1000,2
"Jon Delos Reyes",918,1001,4
"Gilbert Yvel",918,1000,3
"Brodie Farber",918,1000,2
"Brad Imes",918,1000,3
"Wes Combs",918,1000,2
"Kurt Holobaugh",917,1022,8
"Kiefer Crosbie",917,1000,2
"Kaynan Kruschewsky",917,1000,2
"Yohan Lainesse",917,1000,4
"Carl Deaton",917,1000,2
"Alex Da Silva",917,1000,4
"TJ Laramie",917,1000,2
"Dakota Bush",917,1000,2
"Anthony Ivy",917,1000,2
"Roldan Sangcha'an",917,1000,2
"Steve Steinbeiss",917,1000,2
"Brandon Jenkins",916,1000,2
"Andy Ogle",916,1000,6
"Mike Brown",916,1000,6
"Wes Sims",916,1000,3
"Larry Cureton",916,1000,2
"James Llontop",915,1000,3
"Brendon Marotte",915,1000,2
"Terrence Mitchell",915,1000,2
"Khalid Taha",915,1000,5
"Gloria de Paula",915,1000,4
"Andy Enz",915,1000,3
"Chris Heatherly",915,1000,2
"Ryan Jensen",915,1000,8
"Rob Yundt",915,1000,2
"Colin Robinson",915,1000,2
"Zhalgas Zhumagulov",914,1000,7
"Jamey Simmons",914,1000,2
"Joachim Christensen",914,1000,4
"Jim Wallhead",914,1000,2
"Roger Bowling",914,1000,2
"Vinny Magalhaes",914,1000,5
"Byron Bloodworth",914,1000,2
"Yanis Ghemmouri",913,1000,2
"Rhys McKee",913,1000,4
"Wellington Turman",913,1000,9
"Louis Cosce",913,1000,2
"Anthony Birchak",913,1000,6
"Mike Rhodes",913,1000,3
"Chris Indich",913,1000,2
"Besam Yousef",913,1000,2
"Steve Judson",913,1000,2
"Connor Matthews",912,1000,2
"Mike Breeden",912,1039,4
"Jake Collier",912,1000,14
"Tim Williams",912,1000,2
"Mitch Clarke",912,1000,7
"Razak Al-Hassan",912,1000,2
"Brandon Wolff",912,1000,2
"Rolando Bedoya",911,1000,3
"Josh Parisian",911,1000,7
"Roque Martinez",911,1000,3
"Dominic Waters",911,1000,3
"George Roop",911,1008,13
"Oli Thompson",911,1000,2
"Mike Massenzio",911,1000,7
"Yoji Anjo",911,1000,3
"Rafael Cerqueira",910,1000,2
"Zelim Imadaev",910,1000,3
"Chris Dempsey",910,1000,4
"Justin Edwards",910,1000,7
"Iliarde Santos",910,1000,3
"Dan Lauzon",910,1000,3
"Victoria Leonardo",909,1000,5
"Yusaku Kinoshita",909,1000,2
"Kevin Casey",909,1000,4
"Darrell Montague",909,1000,3
"Ben Wall",909,1000,2
"Matt Grice",909,1010,7
"Josh Haynes",909,1000,3
"Alexandre Dantas",909,1000,2
"Royce Alger",909,1000,2
"Dustin Stoltzfus",908,1048,8
"Lucie Pudilova",908,1000,11
"Aalon Cruz",908,1000,2
"Salim Touahri",908,1000,3
"Cesar Arzamendia",908,1000,2
"Garett Whiteley",908,1000,3
"TJ O'Brien",908,1000,2
"Juancamilo Ronderos",907,1000,2
"Fabio Cherant",907,1000,3
"Patrick Cote",907,1080,21
"Antonio Dos Santos",907,1000,2
"Jon Olav Einemo",907,1000,2
"Antonio Mendes",907,1000,2
"Rashad Coulter",906,1027,4
"Johnny Rees",906,1000,2
"Hannah Goldy",905,1000,5
"Angela Magana",905,1000,3
"Lisa Ellis",905,1000,2
"Mostapha Al-Turk",905,1000,3
"Joe Vedepo",905,1000,2
"Marcin Prachnio",904,1046,10
"Mateus Mendonca",904,1000,3
"Genaro Valdez",904,1000,3
"Jordan Williams",904,1000,3
"Shane Campbell",904,1000,5
"Jake Lindsey",904,1000,3
"Gabe Ruediger",904,1000,3
"Joe Doerksen",904,1000,9
"Alex Caceres",903,1140,29
"Erik Silva",903,1000,2
"Blood Diamond",903,1000,3
"Takenori Sato",903,1000,2
"Edilberto de Oliveira",903,1000,2
"Jason Godsey",903,1000,2
"Dong Hyun Ma",902,1003,8
"Chris de la Rocha",902,1000,4
"Joby Sanchez",902,1000,5
"Jesse Forbes",902,1000,3
"Alex Reyes",901,1000,3
"Cameron VanCamp",901,1000,2
"Ray Rodriguez",901,1000,2
"Leonardo Mafra",901,1000,4
"Darrius Flowers",900,1000,3
"Kevin Croom",900,1000,3
"Gilbert Melendez",900,1000,7
"Nick Penner",900,1000,2
"Dylan Budka",899,1000,3
"Jason Witt",899,1000,6
"Joseph Sandoval",899,1000,2
"Gideon Ray",899,1000,3
"Austen Lane",898,1000,4
"Dhiego Lima",898,1048,11
"Albert Morales",898,1000,5
"John Cofer",898,1000,2
"Kris McCray",898,1000,3
"Malcolm Gordon",897,1000,7
"Charlie Ontiveros",897,1000,3
"Hu Yaozong",897,1000,3
"Christian Colombo",897,1000,2
"Jeremy Larsen",897,1000,3
"Papy Abedi",897,1000,4
"John Albert",897,1000,5
"Ihor Potieria",896,1000,8
"Diana Belbita",896,1000,7
"Zarrukh Adashev",896,1000,4
"Niklas Stolze",896,1000,3
"Justin Jaynes",896,1000,5
"Damian Grabowski",896,1000,3
"Rafaello Oliveira",896,1000,8
"Justin Levens",896,1000,2
"Ashley Yoder",895,1000,11
"JP Buys",895,1000,4
"Brandon Davis",895,1000,9
"Wu Yanan",895,1000,6
"Alex Chambers",895,1000,5
"Sabah Homasi",895,1000,3
"Bojan Mihajlovic",895,1000,3
"Alan Baudot",894,1000,3
"Cole Williams",894,1000,2
"Jeff Hughes",894,1000,3
"Boston Salmon",894,1000,2
"Tonya Evinger",894,1000,3
"David Mitchell",894,1000,5
"Josh Grispi",893,1000,4
"Jay Hieron",893,1000,4
"Damacio Page",893,1000,3
"Marvin Eastman",893,1000,5
"Fernie Garcia",892,1000,4
"Marcelo Rojo",892,1000,3
"Saparbeg Safarov",892,1001,4
"Jodie Esquibel",892,1000,4
"Bobby Voelker",892,1000,4
"Daiju Takase",892,1000,3
"Journey Newson",891,1000,5
"Ramona Pascual",891,1000,3
"John Phillips",891,1000,6
"Estevan Payan",890,1000,3
"Jared Papazian",890,1000,3
"Felix Lee Mitchell",890,1000,3
"Denis Tiuliulin",889,1000,6
"Vinicius Salvador",889,1000,3
"Kevin Natividad",889,1000,3
"Khadis Ibragimov",889,1000,4
"Thibault Gouti",889,1010,6
"Will Campuzano",889,1000,4
"Lukasz Brzeski",888,1000,6
"Kalindra Faria",888,1000,3
"Erick Gonzalez",887,1000,3
"Daniel Teymur",886,1000,5
"Tiki Ghosn",886,1000,4
"Jesse Ronson",885,1000,5
"Takanori Gomi",884,1000,13
"Nam Phan",884,1000,8
"Hector Aldana",883,1000,3
"Harry Hunsucker",882,1000,3
"Dustin Pague",882,1000,6
"Ruan Potts",881,1000,3
"Pat Healy",880,1000,5
"Shannon Ross",879,1000,3
"Jinh Yu Frey",879,1000,8
"Jumabieke Tuerxun",879,1000,3
"John Alessio",879,1000,5
"Ricardo Funch",879,1000,4
"Denys Bondar",878,1000,3
"Aaron Phillips",878,1000,4
"Jason Reinhardt",876,1000,3
"Anton Turkalj",874,1000,4
"Dmitrii Smoliakov",874,1000,3
"Zarah Fairn",873,1000,4
"Maki Pitolo",872,1000,6
"Vinicius Moreira",872,1000,4
"Martin Day",871,1000,4
"Julija Stoliarenko",870,1007,8
"Keith Wisniewski",869,1000,4
"Seth Petruzelli",864,1000,4
"Alen Amedovski",861,1000,4
"Phillipe Nover",861,1000,7
"Kailin Curran",860,1000,7
"Istela Nunes",858,1000,4
"Jared Vanderaa",858,1000,7
"Gina Mazany",858,1000,8
"Naoyuki Kotani",856,1000,5
"Liang Na",852,1000,4
"Sean Soriano",850,1000,5
"Edgar Garcia",846,1000,4
"Dequan Townsend",843,1000,4
"Ike Villanueva",842,1000,6
"Chase Sherman",838,1000,15
"Jerome Rivera",837,1000,4
"Jamie Pickett",834,1000,9
"Daniel Lacerda",813,1000,5